日期,竞价_总额,竞价_上海额,竞价_创业额,竞价_涨停,竞价_跌停,竞价_强力,竞价_极弱,竞价_上涨,竞价_下跌,竞价_全场涨跌比,竞价_上海涨跌比,竞价_创业涨跌比,竞价_前15占比,竞价_上证涨跌幅,竞价_深证涨跌幅,竞价_创业涨跌幅,竞价_核心溢价,竞价_妖股溢价,收盘_总额,收盘_上海额,收盘_创业额,收盘_涨停,收盘_跌停,收盘_强力,收盘_极弱,收盘_上涨,收盘_下跌,收盘_全场涨跌比,收盘_上海涨跌比,收盘_创业涨跌比,收盘_前15占比,收盘_上证涨跌幅,收盘_深证涨跌幅,收盘_创业涨跌幅,收盘_核心溢价,收盘_核心赚钱,收盘_核心承接,收盘_妖股溢价,收盘_妖股赚钱,收盘_妖股承接,竞价_资金增减,竞价_增减幅,竞价_上海额_diff,竞价_创业额_diff,竞价_涨停_diff,竞价_跌停_diff,竞价_强力_diff,竞价_极弱_diff,收盘_资金增减,收盘_增减幅,收盘_上海额_diff,收盘_创业额_diff,收盘_涨停_diff,收盘_跌停_diff,收盘_强力_diff,收盘_极弱_diff
2025-06-12,107.72,40.37,27.32,8,0,14,3,1257,3130,0.40,0.46,0.31,11.93,-0.13,-0.37,-0.23,,,13031.22,5011.05,3785.72,64.00,0.00,118.00,8.00,2268.00,2759.00,0.82,0.72,1.17,6.29,0.01,-0.11,0.26,,,,,,,0.00,0.00,0.00,0.00,0,0,0,0,0.00,0.00,0.00,0.00,0.00,0.00,0.00,0.00
2025-06-13,137.59,49.79,35.07,11,1,31,8,1030,3601,0.29,0.33,0.19,13.49,-0.15,-0.39,-0.59,-0.70,-3.09,15032.50,6046.72,4105.06,57.00,8.00,96.00,99.00,819.00,4334.00,0.19,0.21,0.16,5.14,-0.75,-1.10,-1.13,-0.70,-0.75,-0.06,-3.09,-7.74,-4.85,29.87,0.28,9.42,7.75,3,1,17,5,2001.28,0.15,1035.67,319.34,-7.00,8.00,-22.00,91.00
2025-06-16,129.17,47.87,31.38,8,0,20,4,1155,3477,0.33,0.38,0.30,15.07,-0.23,-0.25,-0.25,0.13,2.00,12431.43,4810.62,3576.47,55.00,3.00,138.00,16.00,3441.00,1589.00,2.17,1.79,3.49,6.22,0.35,0.41,0.66,0.13,2.41,2.24,2.00,5.36,3.33,-8.42,-0.06,-1.92,-3.69,-3,-1,-11,-4,-2601.07,-0.17,-1236.10,-528.59,-2.00,-5.00,42.00,-83.00
2025-06-17,105.86,31.55,33.83,10,0,24,1,2508,1691,1.48,1.43,1.44,14.30,-0.02,0.14,0.20,0.38,0.62,12366.81,4575.33,3729.92,46.00,6.00,80.00,44.00,2173.00,2828.00,0.77,0.82,0.64,5.74,-0.04,-0.12,-0.36,0.38,0.97,0.61,0.62,2.81,2.48,-23.31,-0.18,-16.32,2.45,2,0,4,-3,-64.62,-0.01,-235.29,153.45,-9.00,3.00,-58.00,28.00
2025-06-18,104.52,34.03,28.48,7,1,10,2,1085,3406,0.32,0.44,0.17,15.50,-0.04,-0.09,-0.16,-0.96,-1.79,12213.44,4405.61,3718.48,41.00,9.00,88.00,47.00,1760.00,3353.00,0.52,0.50,0.70,6.36,0.04,0.24,0.23,-0.96,-0.71,0.24,-1.79,-2.65,-0.90,-1.34,-0.01,2.48,-5.35,-3,1,-14,1,-153.37,-0.01,-169.72,-11.44,-5.00,3.00,8.00,3.00
2025-06-19,101.37,30.47,29.71,4,0,11,7,1259,3092,0.41,0.46,0.34,16.18,-0.13,-0.19,-0.27,0.35,-1.05,12803.85,4727.34,3868.61,34.00,13.00,58.00,92.00,691.00,4493.00,0.15,0.17,0.16,5.41,-0.79,-1.21,-1.36,0.35,-1.88,-2.18,-1.05,-0.63,0.39,-3.15,-0.03,-3.56,1.23,-3,-1,1,5,590.41,0.05,321.73,150.13,-7.00,4.00,-30.00,45.00
2025-06-20,90.38,28.01,25.61,7,0,17,8,1734,2439,0.71,0.86,0.66,16.65,-0.10,-0.13,0.00,-1.37,0.40,10913.43,4104.78,3263.86,45.00,14.00,72.00,77.00,1499.00,3518.00,0.43,0.51,0.31,5.85,-0.07,-0.47,-0.84,-1.37,-2.42,-1.05,0.40,-1.12,-1.58,-10.99,-0.11,-2.46,-4.10,3,0,6,1,-1890.42,-0.15,-622.56,-604.75,11.00,1.00,14.00,-15.00
2025-06-23,112.63,40.00,29.71,7,1,24,11,822,3965,0.21,0.23,0.18,12.98,-0.31,-0.55,-0.64,-1.00,-3.51,11464.99,4423.11,3403.28,71.00,0.00,147.00,7.00,4311.00,802.00,5.38,4.01,7.91,5.62,0.65,0.43,0.39,-1.00,2.96,4.02,-3.51,-2.13,1.48,22.25,0.25,11.99,4.10,0,1,7,3,551.56,0.05,318.33,139.42,26.00,-14.00,75.00,-70.00
2025-06-24,123.53,44.59,34.15,11,20,28,41,3043,1390,2.19,2.25,2.07,12.90,-0.04,0.26,0.35,-0.64,-0.27,14475.68,5442.01,4416.60,70.00,18.00,163.00,47.00,4624.00,555.00,8.33,7.66,8.64,5.97,1.15,1.68,2.30,-0.64,0.81,1.48,-0.27,1.55,1.80,10.90,0.10,4.59,4.44,4,19,4,30,3010.69,0.26,1018.90,1013.32,-1.00,18.00,16.00,40.00
2025-06-25,133.93,44.19,39.45,9,2,21,8,2746,1512,1.82,2.02,1.41,12.19,-0.04,0.22,0.44,-0.29,1.50,16387.50,6193.38,5184.21,68.00,2.00,132.00,17.00,3838.00,1196.00,3.21,3.38,2.91,8.04,1.03,1.72,3.11,-0.29,4.88,5.27,1.50,1.96,0.50,10.40,0.08,-0.40,5.30,-2,-18,-7,-33,1911.82,0.13,751.37,767.61,-2.00,-16.00,-31.00,-30.00
2025-06-26,168.44,60.94,49.77,12,0,27,6,1775,2377,0.75,0.78,0.62,19.25,-0.12,-0.04,0.02,-0.05,1.50,16223.06,6020.78,5101.82,64.00,1.00,98.00,16.00,1539.00,3518.00,0.44,0.41,0.49,7.54,-0.22,-0.48,-0.66,-0.05,-0.90,-0.86,1.50,3.33,1.80,34.51,0.26,16.75,10.32,3,-2,6,-2,-164.44,-0.01,-172.60,-82.39,-4.00,-1.00,-34.00,-1.00
2025-06-27,143.92,49.32,38.39,11,1,30,3,2885,1501,1.92,1.82,1.84,13.74,0.06,0.27,0.54,-0.22,-0.38,15751.05,6050.80,4645.62,54.00,3.00,105.00,20.00,3298.00,1691.00,1.95,1.97,1.79,7.06,-0.70,0.34,0.47,-0.22,0.51,0.73,-0.38,-1.93,-1.38,-24.52,-0.15,-11.62,-11.38,-1,1,3,-3,-472.01,-0.03,30.02,-456.20,-10.00,2.00,7.00,4.00
2025-06-30,142.27,47.70,38.85,5,2,19,5,2996,1309,2.29,2.25,2.20,12.43,-0.02,0.26,0.40,0.19,0.72,15162.68,5659.62,4621.40,78.00,5.00,170.00,6.00,3923.00,1087.00,3.61,3.01,7.46,5.96,0.59,0.83,1.35,0.19,2.21,2.02,0.72,5.06,4.36,-1.65,-0.01,-1.62,0.46,-6,1,-11,2,-588.37,-0.04,-391.18,-24.22,24.00,2.00,65.00,-14.00
2025-07-01,123.53,40.59,35.89,11,0,25,0,2196,1923,1.14,1.18,0.92,13.03,0.04,-0.06,-0.18,-0.77,2.40,14953.53,5523.52,4444.90,63.00,5.00,111.00,29.00,2518.00,2485.00,1.01,1.18,0.73,5.03,0.39,0.11,-0.24,-0.77,-2.46,-1.70,2.40,-0.19,-2.44,-18.74,-0.13,-7.11,-2.96,6,-2,6,-5,-209.15,-0.01,-136.10,-176.50,-15.00,0.00,-59.00,23.00
2025-07-02,139.83,49.42,40.61,10,1,21,5,1627,2711,0.60,0.68,0.49,12.07,0.01,-0.20,-0.36,-1.66,0.28,14039.96,5420.39,3937.80,60.00,8.00,92.00,58.00,1863.00,3199.00,0.58,0.69,0.33,4.60,-0.09,-0.61,-1.13,-1.66,-4.98,-3.38,0.28,-1.61,-1.83,16.30,0.13,8.83,4.72,-1,1,-4,5,-913.57,-0.06,-103.13,-507.10,-3.00,3.00,-19.00,29.00
2025-07-03,111.83,41.61,26.22,9,1,14,7,2028,2182,0.93,0.94,0.75,13.61,0.04,0.18,0.33,-0.23,-1.38,7352.28,2455.24,2319.77,60.00,0.00,115.00,16.00,3181.00,1788.00,1.78,1.50,2.21,10.94,0.18,1.17,1.90,0.91,3.32,2.38,0.73,3.69,2.97,-28.00,-0.20,-7.81,-14.39,-1,0,-7,2,-6687.68,-0.48,-2965.15,-1618.03,0.00,-8.00,23.00,-42.00
2025-07-04,117.83,43.67,29.71,9,0,11,3,1808,2446,0.74,0.88,0.62,14.76,-0.05,0.00,0.20,0.67,-0.35,14537.93,5665.60,4204.52,38.00,10.00,64.00,45.00,1127.00,3985.00,0.28,0.36,0.21,6.31,0.32,-0.25,-0.36,0.67,0.36,-0.32,-0.35,0.35,0.60,6.00,0.05,2.06,3.49,0,-1,-3,-4,7185.65,0.98,3210.36,1884.75,-22.00,10.00,-51.00,29.00
2025-07-07,123.36,47.76,32.45,7,1,16,5,1552,2805,0.55,0.64,0.41,12.57,-0.12,-0.20,-0.34,-0.59,0.05,12257.42,4748.71,3465.06,67.00,2.00,119.00,16.00,3174.00,1891.00,1.68,1.69,1.71,5.83,0.02,-0.70,-1.21,-0.59,-0.60,-0.02,0.05,1.40,1.39,5.53,0.05,4.09,2.74,-2,1,5,2,-2280.51,-0.16,-916.89,-739.46,29.00,-8.00,55.00,-29.00
2025-07-08,100.59,39.75,23.96,9,1,23,1,1982,2124,0.93,0.95,0.88,14.73,0.04,-0.04,-0.03,-0.12,-0.38,14736.64,5665.29,4365.37,67.00,1.00,127.00,6.00,4159.00,937.00,4.44,3.60,5.98,5.92,0.70,1.46,2.39,-0.12,3.26,3.41,-0.38,1.14,1.76,-22.77,-0.18,-8.01,-8.49,2,0,7,-4,2479.22,0.20,916.58,900.31,0.00,-1.00,8.00,-10.00
2025-07-09,135.05,52.40,35.61,11,0,25,1,2154,2009,1.07,1.12,0.78,11.59,0.04,0.04,-0.08,0.19,-0.35,15264.77,5950.84,4355.01,54.00,2.00,86.00,9.00,1796.00,3215.00,0.56,0.60,0.52,5.70,-0.13,-0.06,0.16,0.19,0.49,0.30,-0.35,2.15,2.47,34.46,0.34,12.65,11.65,2,-1,2,0,528.13,0.04,285.55,-10.36,-13.00,1.00,-41.00,3.00
2025-07-10,124.76,44.58,32.29,9,0,16,2,1523,2825,0.54,0.56,0.44,16.07,-0.04,0.11,0.38,0.37,1.78,15139.96,6123.52,4191.88,62.00,5.00,97.00,35.00,2850.00,2209.00,1.29,1.51,0.73,6.84,0.48,0.47,0.22,0.37,-1.15,-1.52,1.78,2.76,1.04,-10.29,-0.08,-7.82,-3.32,-2,0,-9,1,-124.81,-0.01,172.68,-163.13,8.00,3.00,11.00,26.00
2025-07-11,134.57,57.16,28.66,15,0,25,0,2109,2025,1.04,1.17,0.79,16.20,0.05,0.06,0.02,0.62,0.60,17338.97,7510.87,4597.30,61.00,6.00,113.00,22.00,2885.00,2109.00,1.37,1.42,1.25,7.38,0.01,0.61,0.80,0.62,1.26,0.62,0.60,0.29,-0.32,9.81,0.08,12.58,-3.63,6,0,9,-2,2199.01,0.15,1387.35,405.42,-1.00,1.00,16.00,-13.00
2025-07-14,167.14,75.04,37.43,12,2,22,6,2132,2137,1.00,1.09,0.83,15.05,0.09,0.09,0.02,-0.27,2.46,14795.84,6218.72,3870.92,62.00,10.00,118.00,30.00,3105.00,1962.00,1.58,1.48,1.60,6.22,0.27,-0.11,-0.45,-0.27,-1.86,-1.59,2.46,1.94,-0.52,32.57,0.24,17.88,8.77,-3,2,-3,6,-2543.13,-0.15,-1292.15,-726.38,1.00,4.00,5.00,8.00
2025-07-15,143.07,57.27,34.32,10,4,13,15,1552,2810,0.55,0.61,0.42,15.82,0.00,0.15,0.65,0.06,-0.20,16341.72,6460.98,4472.87,44.00,16.00,94.00,51.00,1269.00,3900.00,0.33,0.36,0.36,6.52,-0.42,0.56,1.73,0.06,-0.33,-0.42,-0.20,1.09,1.32,-24.07,-0.14,-17.77,-3.11,-2,2,-9,9,1545.88,0.10,242.26,601.95,-18.00,6.00,-24.00,21.00
2025-07-16,129.04,47.56,36.50,4,1,15,4,2184,2031,1.08,1.10,0.93,22.25,-0.06,0.05,0.28,0.30,-0.00,14609.23,5717.73,4288.81,55.00,5.00,99.00,22.00,3151.00,1882.00,1.67,1.77,1.70,7.53,-0.03,-0.22,-0.22,0.30,-1.09,-1.40,-0.00,3.10,3.29,-14.03,-0.10,-9.71,2.18,-6,-3,2,-11,-1732.49,-0.11,-743.25,-184.06,11.00,-11.00,5.00,-29.00
2025-07-17,112.37,39.82,30.73,7,0,14,3,2039,2195,0.93,0.98,0.79,14.31,-0.10,-0.02,-0.07,-1.21,-0.02,15594.69,6090.61,4429.90,58.00,1.00,134.00,8.00,3454.00,1526.00,2.26,2.00,3.61,6.85,0.37,1.43,1.76,-1.21,2.22,3.47,-0.02,1.82,1.81,-16.67,-0.13,-7.74,-5.77,3,-1,-1,-1,985.46,0.07,372.88,141.09,3.00,-4.00,35.00,-14.00
2025-07-18,136.48,48.99,34.84,7,0,16,1,2764,1455,1.90,1.98,1.50,13.60,0.08,0.27,0.46,-0.17,1.80,15915.67,6427.53,4323.71,45.00,1.00,90.00,11.00,2530.00,2474.00,1.02,1.26,0.85,7.27,0.50,0.37,0.34,-0.17,-0.10,0.07,1.80,1.08,-0.65,24.11,0.21,9.17,4.11,0,0,2,-2,320.98,0.02,336.92,-106.19,-13.00,0.00,-44.00,3.00
2025-07-21,183.81,78.10,39.53,31,1,64,4,2412,1981,1.22,1.33,0.90,13.44,0.24,0.22,0.36,0.07,-0.44,17251.22,7292.11,4440.17,122.00,1.00,209.00,5.00,3921.00,1209.00,3.24,3.15,2.34,6.39,0.72,0.86,0.87,0.07,0.96,0.87,-0.44,2.17,2.61,47.33,0.35,29.11,4.69,24,1,48,3,1335.55,0.08,864.58,116.46,77.00,0.00,119.00,-6.00
2025-07-22,176.87,81.51,33.92,34,0,58,1,1963,2321,0.85,0.90,0.58,17.85,0.05,-0.03,-0.07,0.27,10.93,19271.02,8392.55,4812.58,106.00,4.00,177.00,17.00,2494.00,2597.00,0.96,1.16,0.56,6.40,0.62,0.84,0.61,0.27,0.58,0.30,10.93,15.12,3.97,-6.94,-0.04,3.41,-5.61,3,-1,-6,-3,2019.80,0.12,1100.44,372.41,-16.00,3.00,-32.00,12.00
2025-07-23,212.33,98.70,41.38,31,0,57,5,1909,2548,0.75,0.85,0.48,13.05,0.20,0.01,-0.12,-0.63,6.70,18968.87,8559.87,4487.38,51.00,6.00,94.00,60.00,1224.00,3909.00,0.31,0.41,0.28,6.18,0.01,-0.37,-0.01,-0.63,-0.81,-0.15,6.70,1.08,-5.26,35.46,0.20,17.19,7.46,-3,0,-1,4,-302.15,-0.02,167.32,-325.20,-55.00,2.00,-83.00,43.00
2025-07-24,180.25,85.44,31.78,7,0,15,10,1949,2338,0.83,0.78,0.81,25.35,-0.09,0.10,0.37,-0.72,-0.85,18727.53,8513.02,4582.37,73.00,0.00,153.00,14.00,4279.00,864.00,4.95,4.52,4.55,7.15,0.65,1.21,1.50,-0.72,2.38,3.17,-0.85,3.90,4.77,-32.08,-0.15,-13.26,-9.60,-24,0,-42,5,-241.34,-0.01,-46.85,94.99,22.00,-6.00,59.00,-46.00
2025-07-25,179.40,90.57,31.70,8,0,17,4,2319,1776,1.31,1.32,1.05,22.93,-0.04,0.03,0.12,-0.06,0.26,18141.96,8205.09,4358.73,46.00,11.00,109.00,39.00,2447.00,2638.00,0.93,0.94,1.26,6.58,-0.33,-0.22,-0.23,-0.06,-1.91,-1.88,0.26,-0.67,-0.92,-0.85,-0.00,5.13,-0.08,1,0,2,-6,-585.57,-0.03,-307.93,-223.64,-27.00,11.00,-44.00,25.00
2025-07-28,172.77,77.45,34.12,3,2,7,6,2639,1740,1.52,1.50,1.48,13.00,0.02,0.07,0.27,-0.68,-0.85,17652.04,7603.86,4543.89,55.00,4.00,125.00,18.00,2707.00,2340.00,1.16,0.96,1.93,7.36,0.12,0.44,0.96,-0.68,0.53,1.22,-0.85,1.33,2.21,-6.63,-0.04,-13.12,2.42,-5,2,-10,2,-489.92,-0.03,-601.23,185.16,9.00,-7.00,16.00,-21.00
2025-07-29,136.35,53.74,36.04,9,1,21,2,1615,2738,0.59,0.69,0.50,15.46,-0.06,-0.16,0.01,-0.37,0.85,18283.44,7928.03,4957.75,43.00,2.00,127.00,13.00,2179.00,2893.00,0.75,0.91,0.82,7.31,0.33,0.64,1.86,-0.37,2.81,3.18,0.85,3.89,2.99,-36.42,-0.21,-23.71,1.92,6,-1,14,-4,631.40,0.04,324.17,413.86,-12.00,-2.00,2.00,-5.00
2025-07-30,142.07,62.16,35.22,5,3,14,5,1450,2949,0.49,0.55,0.37,14.63,-0.04,-0.23,-0.45,-0.65,-0.55,18696.82,8186.05,5033.19,48.00,7.00,93.00,38.00,1664.00,3438.00,0.48,0.55,0.36,7.03,0.17,-0.77,-1.62,-0.65,-0.69,-0.05,-0.55,2.07,2.61,5.72,0.04,8.42,-0.82,-4,2,-7,3,413.38,0.02,258.02,75.44,5.00,5.00,-34.00,25.00
2025-07-31,145.38,61.36,39.09,9,1,14,8,1129,3446,0.33,0.33,0.33,17.51,-0.30,0.05,0.65,-0.07,-1.94,19607.99,8450.18,5443.91,44.00,7.00,91.00,33.00,1009.00,4172.00,0.24,0.23,0.35,7.49,-1.18,-1.73,-1.66,-0.07,-1.12,-1.03,-1.94,-0.59,1.42,3.31,0.02,-0.80,3.87,4,-2,0,3,911.17,0.05,264.13,410.72,-4.00,0.00,-2.00,-5.00
2025-08-01,136.58,52.91,42.02,5,1,9,5,2129,2174,0.98,1.00,0.95,16.20,-0.14,-0.08,-0.19,-1.33,1.26,16190.44,6840.22,4682.20,40.00,7.00,103.00,32.00,3200.00,1844.00,1.74,1.61,1.93,6.51,-0.37,-0.17,-0.24,-1.33,-2.50,-1.18,1.26,-1.27,-2.47,-8.80,-0.06,-8.45,2.93,-4,0,-5,-3,-3417.55,-0.17,-1609.96,-761.71,-4.00,0.00,12.00,-1.00
2025-08-04,141.24,56.23,41.53,5,2,12,7,722,4071,0.18,0.19,0.14,12.97,-0.36,-0.53,-0.66,-0.42,0.50,15174.55,6392.08,4377.00,55.00,4.00,161.00,17.00,3757.00,1265.00,2.97,2.79,4.34,5.39,0.66,0.46,0.50,-0.42,1.60,1.98,0.50,5.13,4.51,4.66,0.03,3.32,-0.49,0,1,3,2,-1015.89,-0.06,-448.14,-305.20,15.00,-3.00,58.00,-15.00
2025-08-05,131.03,55.25,38.10,7,0,18,1,2898,1354,2.14,2.22,1.59,15.17,0.15,0.34,0.65,0.95,1.20,14174.85,5876.01,4111.42,53.00,0.00,106.00,20.00,3779.00,1282.00,2.95,2.80,2.61,6.43,0.96,0.59,0.39,1.29,1.17,-0.09,3.15,5.35,2.18,-10.21,-0.07,-0.98,-3.43,2,-2,6,-6,-999.70,-0.07,-516.07,-265.58,-2.00,-4.00,-55.00,3.00
2025-08-06,124.43,49.63,36.26,4,0,9,2,1896,2319,0.82,1.00,0.56,11.38,-0.05,-0.14,-0.32,-1.08,-2.12,17540.74,7022.19,5251.73,62.00,5.00,147.00,21.00,3269.00,1738.00,1.88,1.72,2.27,4.78,0.45,0.64,0.66,-1.08,-0.42,0.65,-2.12,1.92,4.04,-6.60,-0.05,-5.62,-1.84,-3,0,-9,1,3365.89,0.24,1146.18,1140.31,9.00,5.00,41.00,1.00
2025-08-07,155.90,61.05,42.79,10,1,22,4,2088,2062,1.01,1.04,0.82,14.82,0.10,0.10,0.02,-0.26,2.56,18463.36,7434.48,5521.51,59.00,8.00,110.00,22.00,2011.00,3022.00,0.67,0.67,0.66,6.12,0.16,-0.18,-0.68,-0.26,-0.80,-0.52,2.56,0.97,-1.43,31.47,0.25,11.42,6.53,6,1,13,2,922.62,0.05,412.29,269.78,-3.00,3.00,-37.00,1.00
2025-08-08,147.09,57.72,39.51,4,1,9,3,1440,2922,0.49,0.57,0.38,12.02,-0.13,-0.19,-0.20,-1.11,0.88,17329.15,7100.77,5041.46,61.00,2.00,122.00,38.00,2356.00,2715.00,0.87,0.97,0.60,5.60,-0.12,-0.26,-0.38,-1.11,-0.36,0.77,0.88,0.66,-0.26,-8.81,-0.06,-3.33,-3.28,-6,0,-13,-1,-1134.21,-0.06,-333.71,-480.05,2.00,-6.00,12.00,16.00
2025-08-11,170.64,67.28,41.14,10,3,28,4,2541,1829,1.39,1.44,1.16,12.23,0.05,0.27,0.13,0.32,0.33,18469.87,7483.62,5359.85,79.00,4.00,179.00,6.00,4098.00,999.00,4.10,3.46,6.82,5.63,0.34,1.46,1.96,0.32,2.28,2.00,0.33,0.36,0.02,23.55,0.16,9.56,1.63,6,2,19,1,1140.72,0.07,382.85,318.39,18.00,2.00,57.00,-32.00
2025-08-12,157.93,64.55,38.81,8,0,21,3,2064,2062,1.00,1.07,0.82,18.31,0.01,0.01,0.06,-0.05,0.38,19015.65,7749.53,5501.39,51.00,4.00,110.00,15.00,1993.00,3087.00,0.65,0.70,0.61,6.34,0.50,0.53,1.24,-0.05,3.69,3.78,0.38,1.30,0.95,-12.71,-0.07,-2.73,-2.33,-2,-3,-7,-1,545.78,0.03,265.91,141.54,-28.00,0.00,-69.00,9.00
2025-08-13,139.79,52.80,37.38,9,0,18,0,2673,1401,1.91,2.01,1.41,18.17,0.07,0.17,0.33,0.02,2.86,21746.37,8867.91,6368.28,91.00,0.00,191.00,3.00,2669.00,2357.00,1.13,1.19,1.23,6.99,0.48,1.76,3.62,-0.41,5.14,5.56,0.98,4.98,4.06,-18.14,-0.11,-11.75,-1.43,1,0,-3,-3,2730.72,0.14,1118.38,866.89,40.00,-4.00,81.00,-12.00
2025-08-14,180.77,70.63,47.72,7,0,21,3,2462,1744,1.41,1.43,1.27,12.55,0.06,0.05,0.01,0.22,2.01,23062.81,9492.72,6513.28,44.00,11.00,82.00,80.00,708.00,4503.00,0.16,0.16,0.15,6.91,-0.46,-0.87,-1.08,0.22,0.91,0.67,2.01,-2.19,-4.07,40.98,0.29,17.83,10.34,-2,0,3,3,1316.44,0.06,624.81,145.00,-47.00,11.00,-109.00,77.00
2025-08-15,159.05,68.06,39.06,5,0,12,5,1561,2877,0.54,0.49,0.63,13.81,-0.18,-0.28,-0.20,-0.90,-0.38,22728.37,9603.90,6601.70,87.00,2.00,227.00,7.00,4486.00,622.00,7.21,6.18,10.06,7.78,0.83,1.60,2.61,-0.90,0.23,1.15,-0.38,5.09,5.55,-21.72,-0.12,-2.57,-8.66,-2,0,-9,2,-334.44,-0.01,111.18,88.42,43.00,-9.00,145.00,-73.00
2025-08-18,260.79,113.60,65.72,13,0,42,2,3554,938,3.79,3.92,3.35,14.95,0.43,0.48,0.60,1.77,4.77,28091.29,11336.31,8396.81,109.00,1.00,298.00,6.00,3938.00,1154.00,3.41,2.63,5.54,7.35,0.85,1.73,2.84,1.77,5.76,3.92,4.77,11.02,5.93,101.74,0.64,45.54,26.66,8,0,30,-3,5362.92,0.24,1732.41,1795.11,22.00,-1.00,71.00,-1.00
2025-08-19,235.13,99.22,57.34,9,1,29,1,2176,2088,1.04,1.08,0.74,16.43,0.01,-0.06,-0.37,-0.83,5.63,26406.79,10604.80,7631.12,85.00,5.00,164.00,30.00,2878.00,2191.00,1.31,1.13,1.28,6.93,-0.02,-0.12,-0.17,-0.83,1.06,1.90,5.63,4.19,-1.10,-25.66,-0.10,-14.38,-8.38,-4,1,-13,-1,-1684.50,-0.06,-731.51,-765.69,-24.00,4.00,-134.00,24.00
2025-08-20,210.62,83.44,53.13,6,1,13,7,1112,3421,0.33,0.38,0.24,13.98,-0.28,-0.61,-1.14,-2.35,-0.21,24484.11,10172.12,6505.37,87.00,14.00,152.00,53.00,3547.00,1543.00,2.30,2.91,1.28,7.15,1.04,0.89,0.23,-2.35,-0.09,2.30,-0.21,-1.02,-0.78,-24.51,-0.10,-15.78,-4.21,-3,0,-16,6,-1922.68,-0.07,-432.68,-1125.75,2.00,9.00,-12.00,23.00
2025-08-21,232.16,92.69,47.98,6,0,28,2,2538,1774,1.43,1.43,1.21,14.30,0.12,0.33,0.28,0.69,-0.22,24603.33,9973.99,6563.75,43.00,12.00,79.00,61.00,2068.00,3022.00,0.68,0.81,0.50,7.11,0.13,-0.06,-0.47,0.69,-2.47,-3.16,-0.22,-4.03,-3.78,21.54,0.10,9.25,-5.15,0,-1,15,-5,119.22,0.00,-198.13,58.38,-44.00,-2.00,-73.00,8.00
2025-08-22,184.68,67.31,41.44,7,1,21,3,1974,2394,0.82,0.93,0.71,14.30,0.03,-0.15,-0.31,-0.50,-2.61,25788.39,10947.52,6977.40,70.00,2.00,168.00,5.00,2724.00,2315.00,1.18,1.50,1.30,8.14,1.45,2.07,3.36,-0.50,5.76,6.27,-2.61,-0.34,2.38,-47.48,-0.20,-25.38,-6.54,1,1,-7,1,1185.06,0.05,973.53,413.65,27.00,-10.00,89.00,-56.00
2025-08-25,323.25,145.47,75.33,12,0,35,0,3493,986,3.54,3.50,3.00,13.75,0.59,1.03,1.41,3.13,3.97,31769.45,13604.99,8749.75,77.00,2.00,214.00,14.00,3275.00,1808.00,1.81,1.98,1.68,8.21,1.51,2.26,3.00,3.13,5.84,2.62,3.97,3.37,-0.49,138.57,0.75,78.16,33.89,5,-1,14,-3,5981.06,0.23,2657.47,1772.35,7.00,0.00,46.00,9.00
2025-08-26,247.33,109.03,64.22,6,0,17,5,1367,3124,0.44,0.47,0.35,18.14,-0.31,-0.34,-0.57,-1.40,0.51,27098.29,11130.33,7500.68,70.00,1.00,122.00,38.00,2680.00,2420.00,1.11,1.07,1.04,7.21,-0.39,0.26,-0.75,-1.40,-1.80,-0.42,0.51,0.70,0.12,-75.92,-0.23,-36.44,-11.11,-6,0,-18,5,-4671.16,-0.15,-2474.66,-1249.07,-7.00,-1.00,-92.00,24.00
2025-08-27,235.29,89.40,63.52,5,0,16,2,2166,2218,0.98,1.01,0.95,16.29,0.03,0.08,0.20,0.42,2.10,31977.86,13263.59,8880.65,46.00,7.00,87.00,65.00,595.00,4625.00,0.13,0.15,0.14,7.98,-1.76,-1.43,-0.69,0.42,0.57,0.14,2.10,-1.74,-3.75,-12.04,-0.05,-19.63,-0.70,-1,0,-1,-3,4879.57,0.18,2133.26,1379.97,-24.00,6.00,-35.00,27.00
2025-08-28,221.69,97.73,55.41,6,2,21,5,1745,2640,0.66,0.64,0.69,14.25,-0.10,-0.33,-0.58,-1.02,-0.36,30008.87,12648.96,8397.68,58.00,3.00,187.00,17.00,2804.00,2300.00,1.22,1.27,1.16,9.13,1.14,2.25,3.82,-1.02,9.20,10.32,-0.36,4.36,4.82,-13.60,-0.06,8.33,-8.11,1,2,5,3,-1968.99,-0.06,-614.63,-482.97,12.00,-4.00,100.00,-48.00
2025-08-29,259.43,113.52,65.54,7,0,29,1,2089,2381,0.88,1.00,0.62,16.54,-0.02,-0.02,0.03,-0.98,1.98,28301.92,12214.32,7710.68,65.00,11.00,156.00,55.00,1928.00,3202.00,0.60,0.65,0.48,9.64,0.37,0.99,2.23,-0.98,-0.02,0.94,1.98,1.52,-0.34,37.74,0.17,15.79,10.13,1,-2,8,-4,-1706.95,-0.06,-434.64,-687.00,7.00,8.00,-31.00,38.00
2025-09-01,288.21,123.97,67.97,8,0,34,1,2643,1821,1.45,1.52,1.39,14.93,0.31,0.61,0.85,0.25,-0.05,27776.43,12081.04,7327.25,103.00,1.00,224.00,15.00,3107.00,2021.00,1.54,1.44,1.74,8.84,0.46,1.05,2.29,0.25,2.74,2.46,-0.05,3.12,3.17,28.78,0.11,10.45,2.43,1,0,5,0,-525.49,-0.02,-133.28,-383.43,38.00,-10.00,68.00,-40.00
2025-09-02,198.12,83.16,48.79,8,0,15,1,1941,2376,0.82,0.89,0.62,16.00,0.04,-0.09,-0.18,-0.33,0.91,29124.18,12225.41,8038.44,44.00,20.00,97.00,189.00,1208.00,3933.00,0.31,0.31,0.18,9.26,-0.45,-2.14,-2.85,-0.33,-3.41,-3.09,0.91,1.51,0.55,-90.09,-0.31,-40.81,-19.18,0,0,-19,0,1347.75,0.05,144.37,711.19,-59.00,19.00,-127.00,174.00
2025-09-03,176.97,79.15,37.50,9,1,17,2,2935,1356,2.16,2.22,1.99,15.61,0.19,0.37,0.37,-0.17,-0.41,23956.77,10120.57,6575.71,35.00,17.00,69.00,128.00,770.00,4448.00,0.17,0.21,0.16,9.90,-1.16,-0.65,0.95,-0.17,-0.06,0.10,-0.41,-2.79,-2.44,-21.15,-0.11,-4.01,-11.29,1,1,2,1,-5167.41,-0.18,-2104.84,-1462.73,-9.00,-3.00,-28.00,-61.00
2025-09-04,172.65,68.87,50.74,8,1,15,4,2480,1828,1.36,1.04,1.82,19.84,-0.15,0.44,1.18,0.64,-0.95,25818.89,11077.02,7163.17,41.00,33.00,83.00,198.00,2244.00,2875.00,0.78,0.67,0.59,11.05,-1.25,-2.83,-4.25,0.64,-7.52,-8.07,-0.95,-0.73,0.20,-4.32,-0.02,-10.28,13.24,-1,0,-2,2,1862.12,0.08,956.45,587.46,6.00,16.00,14.00,70.00
2025-09-05,148.06,60.70,39.17,6,5,19,11,2941,1437,2.05,1.78,2.42,16.84,-0.11,0.18,0.49,0.28,-1.11,23483.54,9788.49,6760.85,96.00,3.00,332.00,17.00,4718.00,442.00,10.67,7.28,30.39,11.34,1.24,3.89,6.55,0.28,7.43,7.15,-1.11,1.23,2.27,-24.59,-0.14,-8.17,-11.57,-2,4,4,7,-2335.35,-0.09,-1288.53,-402.32,55.00,-30.00,249.00,-181.00
2025-09-08,266.79,105.31,76.54,9,0,26,3,2370,2040,1.16,1.10,1.04,18.44,-0.02,0.33,0.21,0.32,5.82,24631.34,10256.99,6989.54,70.00,3.00,187.00,44.00,3832.00,1307.00,2.93,2.94,3.14,10.40,0.38,0.61,-0.84,0.32,-2.06,-2.41,5.82,0.34,-4.83,118.73,0.80,44.61,37.37,3,-5,7,-8,1147.80,0.05,468.50,228.69,-26.00,0.00,-145.00,27.00
2025-09-09,177.40,73.67,44.00,5,0,6,7,1351,3054,0.44,0.51,0.35,19.14,-0.27,-0.54,-1.09,-2.23,-1.31,21520.76,9175.36,5723.37,51.00,5.00,85.00,49.00,1213.00,3931.00,0.31,0.38,0.20,9.50,-0.51,-1.23,-2.23,-2.23,-2.22,0.03,-1.31,-0.19,1.22,-89.39,-0.34,-31.64,-32.54,-4,0,-20,4,-3110.58,-0.13,-1081.63,-1266.17,-19.00,2.00,-102.00,5.00
2025-09-10,179.76,70.63,50.85,4,1,12,5,1864,2493,0.75,0.83,0.78,22.77,-0.02,0.00,0.77,0.75,-0.66,20039.40,8209.35,5672.53,49.00,3.00,99.00,22.00,2326.00,2715.00,0.86,0.81,1.10,10.77,0.13,0.38,1.27,0.75,2.49,1.72,-0.66,0.86,1.58,2.36,0.01,-3.04,6.85,-1,1,6,-2,-1481.36,-0.07,-966.01,-50.84,-2.00,-2.00,14.00,-27.00
2025-09-11,192.02,82.41,52.86,4,4,12,12,1429,2962,0.48,0.49,0.46,23.35,-0.16,0.11,0.46,0.45,-1.26,19550.44,7712.01,6147.12,89.00,0.00,214.00,4.00,4147.00,958.00,4.33,4.15,5.69,13.79,1.65,3.36,5.15,0.59,8.42,7.76,0.95,5.15,4.29,12.26,0.07,11.78,2.01,0,3,0,7,-488.96,-0.02,-497.34,474.59,40.00,-3.00,115.00,-18.00
2025-09-12,250.22,110.81,62.38,4,1,10,4,2240,2081,1.08,1.07,0.90,23.51,0.01,-0.30,-0.97,-1.80,0.30,25481.77,10936.07,6803.15,66.00,2.00,129.00,19.00,1850.00,3282.00,0.56,0.64,0.49,10.55,-0.12,-0.43,-1.09,-1.80,-0.75,1.06,0.30,3.23,2.95,58.20,0.30,28.40,9.52,0,-3,-2,-8,5931.33,0.30,3224.06,656.03,-23.00,2.00,-85.00,15.00
2025-09-15,240.62,108.48,61.09,8,0,34,0,2138,2318,0.92,1.10,0.68,16.48,0.14,0.37,1.05,0.91,0.89,23031.35,9860.19,6208.06,67.00,3.00,134.00,17.00,1866.00,3251.00,0.57,0.52,0.57,9.48,-0.26,0.63,1.52,0.91,0.45,-0.46,0.89,0.15,-0.70,-9.60,-0.04,-2.33,-1.29,4,-1,24,-4,-2450.42,-0.10,-1075.88,-595.09,1.00,1.00,5.00,-2.00
2025-09-16,166.71,69.25,42.72,6,0,10,0,2228,1907,1.17,1.36,0.90,14.86,0.14,0.09,0.20,0.71,0.14,23670.47,9896.26,6418.83,69.00,1.00,166.00,4.00,3535.00,1613.00,2.19,1.89,3.40,9.30,0.04,0.45,0.68,0.71,1.48,0.76,0.14,3.13,2.93,-73.91,-0.31,-39.23,-18.37,-2,0,-24,0,639.12,0.03,36.07,210.77,2.00,-2.00,32.00,-13.00
2025-09-17,191.92,76.31,43.21,10,0,18,1,1636,2666,0.61,0.71,0.47,17.33,-0.20,-0.01,-0.04,-1.02,0.82,24029.14,10065.36,6682.74,68.00,0.00,138.00,13.00,2436.00,2655.00,0.92,0.97,0.88,9.12,0.37,1.16,1.95,-1.02,0.49,1.52,0.82,1.22,0.36,25.21,0.15,7.06,0.49,4,0,8,1,358.67,0.02,169.10,263.91,-1.00,-1.00,-28.00,9.00
2025-09-18,206.36,86.26,52.02,9,0,15,0,1793,2522,0.71,0.77,0.58,17.52,-0.01,-0.41,-0.88,-0.18,0.43,31666.28,13657.12,8350.45,56.00,0.00,112.00,24.00,994.00,4208.00,0.24,0.26,0.20,9.41,-1.15,-1.06,-1.64,-0.18,0.63,0.83,0.43,2.21,1.69,14.44,0.08,9.95,8.81,-1,0,-3,-1,7637.14,0.32,3591.76,1667.71,-12.00,0.00,-26.00,11.00
2025-09-19,219.69,104.00,48.10,9,0,19,2,1887,2472,0.76,0.74,0.77,18.75,-0.03,-0.01,0.08,-0.27,0.21,23494.02,10161.15,6036.47,50.00,21.00,97.00,69.00,1835.00,3309.00,0.55,0.70,0.38,9.25,-0.30,-0.04,-0.16,-0.27,-2.35,-2.12,0.21,-4.62,-4.76,13.33,0.06,17.74,-3.92,0,0,4,2,-8172.26,-0.26,-3495.97,-2313.98,-6.00,21.00,-15.00,45.00
2025-09-22,213.48,90.68,39.59,11,1,24,9,2189,2177,1.01,1.11,0.96,19.99,0.05,0.37,0.10,0.28,-0.55,21424.54,9416.37,5474.84,64.00,9.00,177.00,37.00,2114.00,3042.00,0.69,0.68,0.99,9.40,0.22,0.67,0.55,0.28,2.99,2.75,-0.55,1.09,1.58,-6.21,-0.03,-13.32,-8.51,2,1,5,7,-2069.48,-0.09,-744.78,-561.63,14.00,-12.00,80.00,-32.00
2025-09-23,212.90,78.02,58.52,12,0,22,4,1612,2518,0.64,0.64,0.67,24.64,0.04,0.68,1.02,1.29,2.82,25184.62,10714.82,6703.11,49.00,9.00,88.00,52.00,1076.00,4119.00,0.26,0.33,0.22,10.59,-0.18,-0.29,0.21,1.29,0.87,-0.35,2.82,3.06,0.18,-0.58,-0.00,-12.66,18.93,1,-1,-2,-5,3760.08,0.18,1298.45,1228.27,-15.00,0.00,-89.00,15.00
2025-09-24,177.10,71.13,46.65,8,3,16,7,934,3786,0.25,0.25,0.21,22.78,-0.45,-0.63,-0.79,-1.56,-0.63,23471.45,10154.97,6321.01,76.00,8.00,167.00,23.00,4339.00,813.00,5.34,4.82,5.43,9.83,0.83,1.80,2.28,-1.56,1.27,2.86,-0.63,3.63,4.24,-35.80,-0.17,-6.89,-11.87,-4,3,-6,3,-1713.17,-0.07,-559.85,-382.10,27.00,-1.00,79.00,-29.00
2025-09-25,211.55,93.61,47.50,5,0,18,3,1715,2650,0.65,0.67,0.57,15.93,-0.03,-0.17,-0.56,-0.81,0.66,23917.57,10010.48,6630.47,41.00,6.00,91.00,30.00,1418.00,3765.00,0.38,0.43,0.41,9.53,-0.01,0.67,1.58,-0.81,-0.07,0.76,0.66,0.36,-0.35,34.45,0.19,22.48,0.85,-3,-3,2,-4,446.12,0.02,-144.49,309.46,-35.00,-2.00,-76.00,7.00
2025-09-26,177.08,71.95,42.28,5,1,13,6,1084,3529,0.31,0.30,0.28,14.02,-0.35,-0.38,-0.42,-0.86,-0.26,21660.78,9277.19,5702.31,47.00,21.00,79.00,79.00,1716.00,3342.00,0.51,0.62,0.32,9.45,-0.65,-1.76,-2.60,-0.86,-2.95,-2.10,-0.26,-0.62,-0.49,-34.47,-0.16,-21.66,-5.22,0,1,-5,3,-2256.79,-0.09,-733.29,-928.16,6.00,15.00,-12.00,49.00
2025-09-29,152.69,56.97,39.12,5,1,14,6,1098,1094,1.00,1.04,1.04,17.61,0.00,0.30,0.43,0.15,1.41,21781.38,9680.71,5746.77,55.00,2.00,139.00,15.00,3491.00,1581.00,2.21,2.10,2.24,10.50,0.90,2.05,2.74,0.23,2.43,2.20,1.41,2.66,1.31,-24.39,-0.14,-14.98,-3.16,0,0,1,0,120.60,0.01,403.52,44.46,8.00,-19.00,60.00,-64.00
2025-09-30,175.74,72.04,42.75,5,0,22,1,2831,1551,1.83,1.45,2.41,15.39,0.19,0.19,0.04,0.17,1.15,21972.44,9730.97,5839.56,52.00,2.00,127.00,11.00,2554.00,2514.00,1.02,1.15,0.98,9.19,0.52,0.35,0.00,0.17,-1.41,-1.58,1.15,3.04,1.83,23.05,0.15,15.07,3.63,0,-1,8,-5,191.06,0.01,50.26,92.79,-3.00,0.00,-12.00,-4.00
2025-10-09,290.54,134.02,71.06,15,4,44,7,3163,1349,2.34,2.07,2.68,15.56,0.40,0.53,0.40,1.07,2.19,17339.53,7969.71,3555.87,89.00,0.00,214.00,48.00,3072.00,2056.00,1.49,1.46,1.22,12.54,1.32,1.47,0.73,1.39,3.55,2.16,6.30,14.13,7.53,114.80,0.65,61.98,28.31,10,4,22,6,-4632.91,-0.21,-1761.26,-2283.69,37.00,-2.00,87.00,37.00
2025-10-10,220.62,94.23,50.32,7,6,19,8,1189,3356,0.35,0.33,0.33,17.93,-0.47,-0.67,-0.96,-1.18,1.70,12350.21,5871.14,2264.82,58.00,0.00,101.00,154.00,2693.00,2456.00,1.10,1.11,0.71,13.39,-0.94,-2.70,-4.55,2.51,1.41,-1.06,4.80,4.14,-0.46,-69.92,-0.24,-39.79,-20.74,-8,2,-25,1,-4989.32,-0.29,-2098.57,-1291.05,-31.00,0.00,-113.00,106.00
2025-10-13,403.52,180.69,92.21,7,18,16,270,108,5128,0.02,0.02,0.01,14.03,-2.49,-3.88,-4.44,-3.24,-2.56,23742.10,10852.17,5780.01,59.00,3.00,146.00,27.00,1629.00,3515.00,0.46,0.51,0.48,9.07,-0.19,-0.93,-1.11,-3.24,1.55,4.98,-2.56,4.46,7.10,182.90,0.83,86.46,41.89,0,12,-3,262,11391.89,0.92,4981.03,3515.19,1.00,3.00,45.00,-127.00
2025-10-14,225.51,105.94,48.37,11,1,33,4,3747,796,4.71,3.92,4.76,15.82,0.55,1.04,1.37,1.56,2.84,25965.85,12097.69,6068.38,37.00,3.00,71.00,143.00,1678.00,3443.00,0.49,0.57,0.23,9.18,-0.62,-2.54,-3.99,1.56,-5.43,-6.87,2.84,-0.22,-3.01,-178.01,-0.44,-74.75,-43.84,4,-17,17,-266,2223.75,0.09,1245.52,288.37,-22.00,0.00,-75.00,116.00
2025-10-15,178.60,96.73,29.28,4,1,12,7,2479,1729,1.43,1.33,1.79,27.44,0.06,0.19,0.29,0.51,2.01,20903.87,9614.00,4917.73,64.00,4.00,150.00,23.00,4208.00,910.00,4.62,4.02,5.64,8.77,1.22,1.73,2.36,0.51,2.96,2.45,2.01,0.15,-1.79,-46.91,-0.21,-9.21,-19.09,-7,0,-21,3,-5061.98,-0.19,-2483.69,-1150.65,27.00,1.00,79.00,-120.00
2025-10-16,163.12,70.19,34.73,9,2,21,4,1479,2905,0.51,0.50,0.40,13.76,-0.29,-0.42,-0.58,-1.64,-0.02,19486.59,8691.54,4775.59,40.00,7.00,74.00,35.00,1094.00,4088.00,0.27,0.33,0.24,8.63,0.10,-0.25,0.38,-1.64,0.49,2.16,-0.02,0.51,0.60,-15.48,-0.09,-26.54,5.45,5,1,9,-3,-1417.28,-0.07,-922.46,-142.14,-24.00,3.00,-76.00,12.00
2025-10-17,142.18,60.90,27.30,7,2,13,3,1810,2520,0.72,0.68,0.71,15.47,-0.11,-0.20,-0.36,-0.58,1.53,19544.08,8730.17,4656.80,37.00,22.00,57.00,171.00,560.00,4651.00,0.12,0.13,0.11,8.44,-1.95,-3.04,-3.36,-0.58,-3.96,-3.43,1.53,0.95,-0.61,-20.94,-0.13,-9.29,-7.43,-2,0,-8,-1,57.49,0.00,38.63,-118.79,-3.00,15.00,-17.00,136.00
2025-10-20,182.82,76.79,46.01,8,2,23,7,4569,372,12.28,8.88,21.42,18.98,0.67,1.49,2.45,2.40,1.62,17512.95,7723.69,4380.96,76.00,2.00,143.00,19.00,3926.00,1223.00,3.21,2.63,5.17,10.02,0.63,0.98,1.98,2.40,2.28,-0.10,1.62,2.46,0.81,40.64,0.29,15.89,18.71,1,0,10,4,-2031.13,-0.10,-1006.48,-275.84,39.00,-20.00,86.00,-152.00
2025-10-21,134.46,55.43,31.85,6,1,23,5,2845,1398,2.04,1.89,2.17,14.40,0.18,0.52,0.81,0.58,0.23,18926.93,8378.27,4788.60,78.00,3.00,163.00,5.00,4500.00,692.00,6.50,5.55,6.48,11.27,1.36,2.06,3.02,0.58,4.69,4.09,0.23,2.96,2.73,-48.36,-0.26,-21.36,-14.16,-2,-1,0,-2,1413.98,0.08,654.58,407.64,2.00,1.00,20.00,-14.00
2025-10-22,169.53,73.98,35.09,10,4,23,14,996,3563,0.28,0.30,0.23,14.41,-0.52,-0.70,-0.73,-1.79,0.82,16902.57,7413.85,4164.94,56.00,5.00,96.00,33.00,2157.00,2919.00,0.74,0.69,0.70,9.45,-0.07,-0.62,-0.79,-1.79,-0.64,1.19,0.82,-0.57,-1.17,35.07,0.26,18.55,3.24,4,3,0,9,-2024.36,-0.11,-964.42,-623.66,-22.00,2.00,-67.00,28.00
2025-10-23,144.31,53.85,29.64,11,1,23,8,1330,3149,0.42,0.45,0.38,16.12,-0.25,-0.29,-0.28,-1.22,-1.26,16607.09,7188.22,4079.49,58.00,8.00,99.00,46.00,2891.00,2238.00,1.29,1.32,1.25,7.76,0.22,0.22,0.09,-1.22,-1.01,0.21,-1.26,-3.90,-2.63,-25.22,-0.15,-20.13,-5.45,1,-3,0,-6,-295.48,-0.02,-225.63,-85.45,2.00,3.00,3.00,13.00
2025-10-24,190.07,74.23,46.04,10,1,27,5,2798,1559,1.79,1.77,2.02,16.55,0.17,0.51,0.83,1.42,-0.86,19916.17,8584.05,5296.90,55.00,8.00,152.00,36.00,2932.00,2204.00,1.33,1.24,2.24,10.63,0.71,2.02,3.57,1.42,5.09,3.61,-0.86,-2.88,-2.00,45.76,0.32,20.38,16.40,-1,0,4,-3,3309.08,0.20,1395.83,1217.41,-3.00,0.00,53.00,-10.00
2025-10-27,276.51,119.30,71.31,8,1,26,6,3756,993,3.78,3.66,4.07,17.64,0.48,1.20,1.75,2.49,0.68,23565.89,10433.01,6154.21,51.00,8.00,146.00,24.00,3283.00,1775.00,1.85,1.96,2.00,10.03,1.18,1.51,1.98,2.49,3.71,1.18,0.68,2.17,1.53,86.44,0.45,45.07,25.27,-2,0,-1,1,3649.72,0.18,1848.96,857.31,-4.00,0.00,-6.00,-12.00
2025-10-28,194.91,75.05,52.82,6,0,18,4,1516,2936,0.52,0.61,0.40,17.12,-0.25,-0.58,-0.90,-1.44,-0.03,21653.07,9406.43,5732.66,58.00,4.00,107.00,37.00,2285.00,2817.00,0.81,0.78,1.04,9.58,-0.22,-0.44,-0.15,-1.44,-0.30,1.16,-0.03,2.17,2.19,-81.60,-0.30,-44.25,-18.49,-2,-1,-8,-2,-1912.82,-0.08,-1026.58,-421.55,7.00,-4.00,-39.00,13.00
2025-10-29,200.83,73.58,50.84,6,0,14,5,1709,2715,0.63,0.63,0.54,22.36,0.05,0.40,1.07,0.70,-1.28,22906.74,9681.01,6207.34,59.00,1.00,183.00,30.00,2612.00,2511.00,1.04,1.01,0.73,10.49,0.70,1.95,2.93,0.70,1.99,1.30,-1.28,3.03,4.45,5.92,0.03,-1.47,-1.98,0,0,-4,1,1253.67,0.06,274.58,474.68,1.00,-3.00,76.00,-7.00
2025-10-30,250.77,99.03,67.11,6,0,18,8,1555,2855,0.54,0.56,0.50,19.13,-0.21,-0.22,-0.32,-0.65,0.54,24642.94,10698.75,6452.99,46.00,11.00,89.00,96.00,1171.00,4008.00,0.29,0.36,0.23,9.77,-0.73,-1.16,-1.84,-0.65,-2.80,-2.16,0.54,-3.14,-3.56,49.94,0.25,25.45,16.27,0,0,4,3,1736.20,0.08,1017.74,245.65,-13.00,10.00,-94.00,66.00
2025-10-31,214.22,94.06,40.30,7,1,17,7,2158,2308,0.94,0.88,1.01,13.06,-0.05,-0.11,-0.08,-0.15,-1.36,23498.13,10309.38,5953.50,57.00,13.00,147.00,62.00,3626.00,1516.00,2.39,1.83,3.69,8.94,-0.81,-1.14,-2.31,-0.15,-3.87,-3.73,-1.36,1.17,2.55,-36.55,-0.15,-4.97,-26.81,1,1,-1,-1,-1144.81,-0.05,-389.37,-499.49,11.00,2.00,58.00,-34.00
2025-11-03,207.32,83.08,49.17,12,3,27,8,2600,1824,1.43,1.37,1.35,17.47,-0.02,-0.10,-0.26,-0.86,0.66,21329.04,9415.70,5403.72,66.00,7.00,136.00,26.00,3399.00,1766.00,1.92,1.66,2.36,7.96,0.55,0.19,0.29,-0.86,0.05,0.93,0.66,0.69,0.02,-6.90,-0.03,-10.98,8.87,5,2,10,1,-2169.09,-0.09,-893.68,-549.78,9.00,-6.00,-11.00,-36.00
2025-11-04,157.40,64.12,38.78,8,1,19,5,1463,2900,0.50,0.59,0.41,15.62,-0.08,-0.23,-0.20,0.16,0.69,19383.95,8528.23,4813.15,50.00,6.00,81.00,37.00,1548.00,3565.00,0.43,0.45,0.39,7.69,-0.41,-1.71,-1.96,0.16,-1.72,-1.87,0.69,-1.74,-2.30,-49.92,-0.24,-18.96,-10.39,-4,-2,-8,-3,-1945.09,-0.09,-887.47,-590.57,-16.00,-1.00,-55.00,11.00
2025-11-05,203.28,83.04,51.65,4,0,11,8,303,4724,0.06,0.09,0.04,15.05,-0.95,-1.68,-2.08,-3.33,0.59,18943.40,8269.80,4773.83,67.00,2.00,128.00,11.00,3293.00,1830.00,1.80,1.64,1.51,7.69,0.23,0.37,1.03,-3.33,1.17,4.66,0.59,3.76,3.19,45.88,0.29,18.92,12.87,-4,-1,-8,3,-440.55,-0.02,-258.43,-39.32,17.00,-4.00,47.00,-26.00
2025-11-06,185.73,82.86,41.00,10,0,27,3,2174,1879,1.16,1.19,0.99,16.12,0.10,0.37,0.60,1.23,0.55,20759.04,9300.91,5045.56,62.00,12.00,129.00,39.00,2825.00,2276.00,1.24,1.54,1.09,9.49,0.97,1.73,1.84,1.23,2.31,1.05,0.55,-2.30,-2.67,-17.55,-0.09,-0.18,-10.65,6,0,16,-5,1815.64,0.10,1031.11,271.73,-5.00,10.00,1.00,28.00
2025-11-07,185.74,73.34,39.12,5,1,13,4,1151,3395,0.34,0.33,0.30,15.23,-0.34,-0.54,-0.72,-1.53,-1.36,20202.05,8752.25,5023.82,54.00,4.00,112.00,23.00,2035.00,3059.00,0.67,0.70,0.50,7.97,-0.25,-0.36,-0.51,-1.53,-2.06,-0.55,-1.36,1.57,2.86,0.01,0.00,-9.52,-1.88,-5,1,-14,1,-556.99,-0.03,-548.66,-21.74,-8.00,-8.00,-17.00,-16.00
2025-11-10,203.34,82.05,41.51,8,2,21,2,2800,1569,1.78,1.68,1.72,13.85,0.11,0.37,0.43,1.03,2.10,21943.71,9604.15,5232.34,71.00,9.00,147.00,30.00,3277.00,1885.00,1.74,1.84,1.43,8.47,0.53,0.18,-0.92,1.03,-0.90,-1.91,2.10,4.30,2.13,17.60,0.09,8.71,2.39,3,1,8,-2,1741.66,0.09,851.90,208.52,17.00,5.00,35.00,7.00
2025-11-11,179.46,76.11,39.05,9,0,21,0,2625,1654,1.59,1.57,1.72,13.76,0.13,0.36,0.58,0.46,0.78,20138.85,8582.29,5119.67,67.00,1.00,121.00,20.00,2678.00,2441.00,1.10,1.02,1.01,8.11,-0.39,-1.03,-1.40,0.46,-3.56,-3.99,0.78,3.74,2.99,-23.88,-0.12,-5.94,-2.46,1,-2,0,-2,-1804.86,-0.08,-1021.86,-112.67,-4.00,-8.00,-26.00,-10.00
2025-11-12,162.36,64.45,39.40,12,0,23,3,1674,2655,0.63,0.64,0.59,14.86,-0.15,-0.36,-0.37,-1.74,-1.07,19648.13,8403.74,4929.37,58.00,5.00,98.00,50.00,1674.00,3482.00,0.48,0.46,0.49,8.23,-0.07,-0.36,-0.39,-1.74,0.78,2.58,-1.07,-2.27,-1.18,-17.10,-0.10,-11.66,0.35,3,0,2,3,-490.72,-0.02,-178.55,-190.30,-9.00,4.00,-23.00,30.00
2025-11-13,157.16,63.66,35.85,9,0,16,1,2024,2333,0.87,0.84,0.91,12.19,-0.09,-0.09,-0.09,-0.49,-0.52,20656.81,8762.99,5286.72,86.00,0.00,186.00,3.00,3837.00,1287.00,2.98,2.82,2.63,8.14,0.73,1.78,2.55,-0.49,1.74,2.25,-0.52,0.86,1.38,-5.20,-0.03,-0.79,-3.55,-3,0,-7,-2,1008.68,0.05,359.25,357.35,28.00,-5.00,88.00,-47.00
2025-11-14,218.94,86.32,54.62,10,1,18,9,600,4218,0.14,0.17,0.11,14.64,-0.56,-1.14,-1.74,-2.83,-1.12,19803.82,8378.62,4943.27,71.00,6.00,116.00,56.00,1868.00,3253.00,0.57,0.60,0.59,7.43,-0.97,-1.93,-2.82,-2.83,-4.25,-1.47,-1.12,-0.62,0.47,61.78,0.39,22.66,18.77,1,1,2,8,-852.99,-0.04,-384.37,-343.45,-15.00,6.00,-70.00,53.00
2025-11-17,207.07,78.99,50.78,22,0,43,5,2077,2389,0.87,0.85,1.00,11.49,-0.05,-0.12,-0.46,0.28,1.91,19303.21,8056.43,4937.01,85.00,6.00,147.00,32.00,2498.00,2643.00,0.95,0.75,1.48,7.45,-0.46,-0.11,-0.20,0.28,0.47,0.19,1.91,3.29,1.34,-11.87,-0.05,-7.33,-3.84,12,-1,25,-4,-500.61,-0.03,-322.19,-6.26,14.00,0.00,31.00,-24.00
2025-11-18,180.50,68.38,37.71,9,1,23,3,1297,3149,0.41,0.45,0.35,22.11,-0.24,-0.31,-0.51,-0.86,0.34,19459.59,7908.11,5088.41,45.00,32.00,76.00,115.00,1222.00,3991.00,0.31,0.30,0.42,7.41,-0.81,-0.92,-1.16,-0.86,-2.45,-1.60,0.34,-0.66,-0.98,-26.57,-0.13,-10.61,-13.07,-13,1,-20,-2,156.38,0.01,-148.32,151.40,-40.00,26.00,-71.00,83.00
2025-11-19,137.39,48.37,32.38,11,4,15,9,1822,2512,0.73,0.78,0.68,15.14,-0.05,-0.07,-0.13,-0.01,0.75,17426.66,7207.89,4636.50,54.00,22.00,82.00,66.00,1156.00,4046.00,0.29,0.31,0.25,7.68,0.18,-0.00,0.25,-0.01,1.57,1.57,0.75,1.99,1.32,-43.11,-0.24,-20.01,-5.33,2,3,-8,6,-2032.93,-0.10,-700.22,-451.91,9.00,-10.00,6.00,-49.00
2025-11-20,198.54,76.16,53.07,11,1,19,3,3535,1076,3.29,2.85,3.55,19.30,0.35,1.03,1.79,1.56,-0.95,17226.35,7112.34,4520.51,40.00,10.00,74.00,59.00,1410.00,3723.00,0.38,0.35,0.36,8.50,-0.40,-0.76,-1.12,1.56,-1.59,-3.09,-0.95,-2.71,-1.78,61.15,0.45,27.79,20.69,0,-3,4,-6,-200.31,-0.01,-95.55,-115.99,-14.00,-12.00,-8.00,-7.00
2025-11-21,218.70,82.48,57.10,4,16,11,47,340,4727,0.07,0.09,0.05,16.13,-0.87,-1.76,-2.07,-4.72,-0.04,19835.99,8247.24,5374.38,28.00,75.00,42.00,448.00,340.00,4911.00,0.07,0.06,0.09,7.66,-2.45,-3.41,-4.02,-4.72,-8.23,-3.67,-0.04,-0.91,-0.75,20.16,0.10,6.32,4.03,-7,15,-8,44,2609.64,0.15,1134.90,853.87,-12.00,65.00,-32.00,389.00
2025-11-24,157.01,53.46,39.42,9,12,14,17,4181,596,7.02,5.68,8.48,15.36,0.36,0.53,0.90,0.56,1.52,17403.50,7153.88,4822.99,66.00,24.00,174.00,51.00,4112.00,1055.00,3.90,3.05,7.72,8.38,0.05,0.37,0.31,0.56,-0.71,-1.28,1.52,2.86,1.44,-61.69,-0.28,-29.02,-17.68,5,-4,3,-30,-2432.49,-0.12,-1093.36,-551.39,38.00,-51.00,132.00,-397.00
2025-11-25,181.85,69.17,47.62,6,2,16,9,3913,766,5.11,5.14,4.72,20.88,0.36,0.85,1.42,1.05,-0.49,18261.69,7226.97,5281.59,78.00,6.00,146.00,10.00,4156.00,972.00,4.28,3.82,5.17,8.46,0.87,1.53,1.77,1.05,2.78,1.74,-0.49,2.13,2.67,24.84,0.16,15.71,8.20,-3,-10,2,-8,858.19,0.05,73.09,458.60,12.00,-18.00,-28.00,-41.00
2025-11-26,156.53,55.55,38.42,10,3,19,4,1933,2399,0.81,0.96,0.53,13.39,-0.07,-0.06,-0.14,-0.71,-0.04,17971.90,7008.95,5290.27,68.00,5.00,107.00,36.00,1624.00,3505.00,0.46,0.48,0.42,10.48,-0.15,1.02,2.14,-0.71,1.60,2.37,-0.04,1.95,1.96,-25.32,-0.14,-13.62,-9.20,4,1,3,-5,-289.79,-0.02,-218.02,8.68,-10.00,-1.00,-39.00,26.00
2025-11-27,160.55,59.72,39.65,8,0,19,9,2043,2282,0.90,1.02,0.76,19.45,0.08,-0.03,-0.11,-0.44,-0.32,17231.72,6984.06,4991.06,53.00,8.00,105.00,33.00,2721.00,2349.00,1.16,1.22,1.52,10.33,0.29,-0.25,-0.44,-0.44,0.45,0.94,-0.32,-0.62,-0.35,4.02,0.03,4.17,1.23,-2,-3,0,5,-740.18,-0.04,-24.89,-299.21,-15.00,3.00,-2.00,-3.00
2025-11-28,129.09,48.95,35.29,7,2,10,4,1914,2376,0.81,0.82,0.76,13.40,-0.11,-0.04,-0.04,-0.23,-1.00,15977.31,6456.70,4606.20,70.00,3.00,131.00,15.00,4010.00,1141.00,3.51,3.58,3.59,8.27,0.34,0.85,0.70,-0.23,0.05,0.28,-1.00,-0.37,0.55,-31.46,-0.20,-10.77,-4.36,-1,2,-9,-5,-1254.41,-0.07,-527.36,-384.86,17.00,-5.00,26.00,-18.00
2025-12-01,195.55,77.72,47.37,13,2,25,4,2571,1826,1.41,1.41,1.13,15.23,0.14,0.42,0.26,-0.28,0.34,18894.49,7856.00,5228.84,64.00,4.00,120.00,20.00,3329.00,1781.00,1.87,1.58,1.65,8.36,0.65,1.25,1.31,-0.28,-0.31,-0.02,0.34,0.45,0.17,66.46,0.51,28.77,12.08,6,0,15,0,2917.18,0.18,1399.30,622.64,-6.00,1.00,-11.00,5.00
2025-12-02,156.54,51.84,38.42,7,0,15,2,1406,2995,0.47,0.53,0.40,17.41,-0.14,-0.13,-0.04,-0.05,0.32,16072.67,6273.65,4518.13,47.00,3.00,67.00,16.00,1493.00,3623.00,0.41,0.45,0.29,8.85,-0.42,-0.68,-0.69,-0.05,0.46,0.54,0.32,-0.46,-0.74,-39.01,-0.20,-25.88,-8.95,-6,-2,-10,-2,-2821.82,-0.15,-1582.35,-710.71,-17.00,-1.00,-53.00,-4.00
2025-12-04,148.08,51.84,35.32,8,1,14,6,1732,2592,0.67,0.74,0.60,15.15,0.04,0.02,0.01,-2.87,-1.12,15616.71,6236.47,4161.77,38.00,14.00,67.00,46.00,1431.00,3734.00,0.38,0.43,0.35,9.00,-0.06,0.40,1.01,-2.87,1.09,1.19,-1.12,0.42,0.63,-8.46,-0.05,0.00,-3.10,1,1,-1,4,-455.96,-0.03,-37.18,-356.36,-9.00,11.00,0.00,30.00
2025-12-05,147.87,60.98,32.02,4,0,10,3,1865,2305,0.81,0.80,0.90,25.44,-0.07,0.10,0.55,-0.08,0.33,17389.53,7166.72,4769.53,73.00,2.00,158.00,11.00,4268.00,926.00,4.61,3.91,5.83,9.35,0.70,1.08,1.36,-0.08,0.81,0.93,0.33,0.75,0.53,-0.21,-0.00,9.14,-3.30,-4,-1,-4,-3,1772.82,0.11,930.25,607.76,35.00,-12.00,91.00,-35.00
2025-12-08,204.84,78.80,51.10,11,2,26,2,3187,1199,2.66,2.47,2.36,14.18,0.16,0.24,0.32,-0.10,2.29,20516.12,8393.49,5901.32,74.00,2.00,160.00,6.00,3328.00,1786.00,1.86,1.54,3.13,9.82,0.54,1.39,2.60,-0.10,3.79,3.91,2.29,7.23,4.85,56.97,0.39,17.82,19.08,7,2,16,-1,3126.59,0.18,1226.77,1131.79,1.00,0.00,2.00,-5.00
2025-12-09,185.79,72.45,45.63,10,2,15,7,1239,3242,0.38,0.42,0.37,15.41,-0.19,-0.26,-0.21,-0.96,-0.38,19176.89,7810.36,5350.34,53.00,7.00,87.00,30.00,1243.00,3959.00,0.31,0.34,0.34,9.89,-0.37,-0.39,0.61,-0.96,1.62,2.58,-0.38,0.79,1.19,-19.05,-0.09,-6.35,-5.47,-1,0,-11,5,-1339.23,-0.07,-583.13,-550.98,-21.00,5.00,-73.00,24.00
2025-12-10,171.02,76.41,34.97,10,1,21,8,1465,2979,0.49,0.51,0.42,21.57,-0.21,-0.20,-0.26,-0.88,-0.01,17916.34,7302.68,4956.18,57.00,3.00,104.00,16.00,2367.00,2750.00,0.86,0.96,0.62,9.57,-0.23,0.29,-0.02,-0.88,-1.15,-0.27,-0.01,-0.83,-0.81,-14.77,-0.08,3.96,-10.66,0,-1,6,1,-1260.55,-0.07,-507.68,-394.16,4.00,-4.00,17.00,-14.00
2025-12-11,176.55,69.36,39.99,6,1,15,6,2640,1636,1.61,1.50,1.50,19.34,0.09,0.13,0.05,-0.49,0.48,18852.76,7642.78,5187.49,34.00,20.00,79.00,78.00,1003.00,4238.00,0.24,0.20,0.15,10.26,-0.70,-1.27,-1.41,-0.49,-1.05,-0.56,0.48,-0.26,-0.57,5.53,0.03,-7.05,5.02,-4,0,-6,-2,936.42,0.05,340.10,231.31,-23.00,17.00,-25.00,62.00
2025-12-12,151.54,54.81,37.96,5,1,10,9,2080,2304,0.90,0.97,0.92,17.00,-0.10,0.21,0.29,-1.29,-0.64,21190.37,9098.45,5662.91,78.00,15.00,152.00,43.00,2616.00,2516.00,1.04,1.11,1.05,9.27,0.41,0.84,0.97,-1.29,-0.71,0.55,-0.64,3.85,4.64,-25.01,-0.14,-14.55,-2.03,-1,0,-5,3,2337.61,0.12,1455.67,475.42,44.00,-5.00,73.00,-35.00
2025-12-15,204.62,81.73,55.12,10,1,16,1,993,3693,0.27,0.29,0.21,16.01,-0.62,-0.81,-1.16,-2.68,0.98,17944.20,7645.22,4720.79,60.00,10.00,104.00,48.00,2252.00,2861.00,0.79,0.81,0.56,8.07,-0.55,-1.10,-1.77,-2.68,-2.30,0.41,0.98,1.54,0.55,53.08,0.35,26.92,17.16,5,0,6,-8,-3246.17,-0.15,-1453.23,-942.12,-18.00,-5.00,-48.00,5.00
2025-12-16,150.97,57.46,30.25,8,3,23,4,1474,2891,0.51,0.54,0.44,19.71,-0.17,-0.21,-0.23,-0.16,-1.95,17460.36,7311.10,4533.47,42.00,16.00,72.00,103.00,1065.00,4156.00,0.26,0.21,0.20,8.31,-1.11,-1.51,-2.10,-0.16,-0.67,-0.53,-1.95,0.35,2.35,-53.65,-0.26,-24.27,-24.87,-2,2,7,3,-483.84,-0.03,-334.12,-187.32,-18.00,6.00,-32.00,55.00
2025-12-17,141.59,57.41,27.89,5,6,10,13,1686,2646,0.64,0.57,0.64,21.65,-0.06,0.10,0.03,-0.42,-2.55,18231.37,7554.51,4951.14,50.00,21.00,124.00,64.00,3522.00,1573.00,2.24,2.44,2.12,8.86,1.19,2.40,3.39,-0.42,0.46,0.88,-2.55,-3.87,-1.17,-9.38,-0.06,-0.05,-2.36,-3,3,-13,9,771.01,0.04,243.41,417.67,8.00,5.00,52.00,-39.00
2025-12-18,182.99,70.90,43.63,10,5,18,11,745,4064,0.18,0.22,0.13,18.72,-0.34,-0.85,-1.17,-1.17,0.04,16757.00,7047.29,4498.55,61.00,4.00,106.00,22.00,2740.00,2356.00,1.16,1.21,1.18,8.81,0.16,-1.29,-2.17,-1.17,-0.46,0.72,0.04,0.44,0.34,41.40,0.29,13.49,15.74,5,-1,8,-2,-1474.37,-0.08,-507.22,-452.59,11.00,-17.00,-18.00,-42.00
2025-12-19,150.14,55.82,39.50,7,0,16,5,2836,1517,1.87,1.66,2.13,15.92,0.05,0.48,0.89,0.77,0.26,17458.95,7350.76,4447.04,72.00,2.00,138.00,18.00,4329.00,880.00,4.92,3.99,4.66,7.34,0.36,0.66,0.49,0.77,0.20,-0.53,0.26,0.13,-0.13,-32.85,-0.18,-15.08,-4.13,-3,-5,-2,-6,701.95,0.04,303.47,-51.51,11.00,-2.00,32.00,-4.00
2025-12-22,186.89,68.75,43.63,12,3,21,6,2944,1495,1.97,2.11,1.78,15.76,0.26,0.65,1.01,1.07,0.66,18821.97,7896.08,4883.01,80.00,7.00,165.00,29.00,2869.00,2217.00,1.29,1.25,1.41,8.74,0.69,1.47,2.23,1.07,1.97,0.86,0.66,1.45,0.81,36.75,0.24,12.93,4.13,5,3,5,1,1363.02,0.08,545.32,435.97,8.00,5.00,27.00,11.00
2025-12-23,162.87,66.02,30.47,13,4,23,7,1685,2389,0.71,0.85,0.51,14.95,0.04,0.05,0.14,0.20,1.46,19213.55,8067.34,4986.42,54.00,11.00,99.00,48.00,1457.00,3736.00,0.39,0.42,0.42,8.37,0.07,0.27,0.41,0.20,-0.43,-0.63,1.46,0.52,-0.90,-24.02,-0.13,-2.73,-13.16,1,1,2,1,391.58,0.02,171.26,103.41,-26.00,4.00,-66.00,19.00
2025-12-24,163.62,60.59,34.35,7,3,12,8,1815,2559,0.71,0.76,0.65,16.57,0.01,0.07,0.07,-0.29,-3.35,18972.31,7738.32,5089.85,75.00,4.00,157.00,14.00,4017.00,1088.00,3.69,3.58,5.62,7.94,0.53,0.88,0.77,-0.29,2.02,2.36,-3.35,-2.78,0.42,0.75,0.00,-5.43,3.88,-6,-1,-11,1,-241.24,-0.01,-329.02,103.43,21.00,-7.00,58.00,-34.00
2025-12-25,172.61,62.79,38.97,12,0,26,2,2231,2114,1.06,0.96,1.21,16.41,-0.08,-0.10,0.10,-0.16,-0.73,19438.83,7849.03,5326.64,80.00,0.00,151.00,4.00,3659.00,1420.00,2.58,2.63,3.02,7.96,0.47,0.33,0.30,-0.16,1.28,1.46,-0.73,1.91,2.63,8.99,0.05,2.20,4.62,5,-3,14,-6,466.52,0.02,110.71,236.79,5.00,-4.00,-6.00,-10.00
2025-12-26,189.12,65.17,44.75,16,0,33,5,1851,2526,0.73,0.76,0.74,15.73,-0.05,0.06,-0.21,0.77,-1.10,21810.49,8935.08,5787.27,81.00,1.00,135.00,14.00,1786.00,3323.00,0.54,0.57,0.39,7.83,0.10,0.54,0.14,0.77,2.53,1.74,-1.10,1.83,2.94,16.51,0.10,2.38,5.78,4,0,7,3,2371.66,0.12,1086.05,460.63,1.00,1.00,-16.00,10.00
2025-12-29,217.67,81.43,48.09,7,4,17,14,2019,2357,0.86,0.90,0.72,15.20,0.02,0.00,-0.19,-0.18,-0.47,21576.59,9037.13,5439.52,74.00,15.00,129.00,55.00,1938.00,3217.00,0.60,0.60,0.80,7.71,0.04,-0.49,-0.66,-0.18,-0.45,-0.27,-0.47,-2.28,-1.77,28.55,0.15,16.26,3.34,-9,4,-16,9,-233.90,-0.01,102.05,-347.75,-7.00,14.00,-6.00,41.00
2025-12-30,186.65,67.84,37.39,10,9,17,18,1048,3636,0.29,0.30,0.28,15.33,-0.44,-0.52,-0.44,-1.20,-1.39,21615.39,8874.04,5659.10,54.00,12.00,113.00,47.00,1783.00,3367.00,0.53,0.51,0.56,8.84,-0.00,0.49,0.63,-1.20,1.21,2.48,-1.39,0.63,2.08,-31.02,-0.14,-13.59,-10.70,3,5,0,4,38.80,0.00,-163.09,219.58,-20.00,-3.00,-16.00,-8.00
2025-12-31,189.44,62.61,40.82,6,1,14,7,2667,1672,1.60,1.34,1.70,20.64,0.09,0.17,0.15,0.46,-1.43,20658.15,8294.16,5491.26,57.00,7.00,132.00,30.00,2390.00,2699.00,0.89,0.90,1.02,8.87,0.09,-0.58,-1.23,0.46,3.66,3.13,-1.43,0.19,1.49,2.79,0.01,-5.23,3.43,-4,-8,-3,-11,-957.24,-0.04,-579.88,-167.84,3.00,-5.00,19.00,-17.00
2026-01-05,283.50,106.80,63.32,17,2,46,10,3116,1269,2.46,2.56,2.32,17.57,0.46,0.80,0.84,2.20,0.44,25672.89,10671.58,7020.61,108.00,9.00,282.00,28.00,4063.00,1121.00,3.62,3.56,4.75,8.82,1.38,2.24,2.85,2.20,3.89,1.69,0.44,3.32,2.82,94.06,0.50,44.19,22.50,11,1,32,3,5014.74,0.24,2377.42,1529.35,51.00,2.00,150.00,-2.00
2026-01-06,224.17,79.95,57.27,15,2,37,4,2436,1878,1.30,1.25,1.17,15.63,0.06,0.01,-0.45,-1.12,6.88,28323.25,11755.69,7634.75,121.00,1.00,221.00,8.00,3991.00,1179.00,3.39,3.43,2.26,8.34,1.50,1.40,0.75,-1.12,3.23,4.41,6.88,6.59,-0.31,-59.33,-0.21,-26.85,-6.05,-2,0,-9,-6,2650.36,0.10,1084.11,614.14,13.00,-8.00,-61.00,-20.00
2026-01-07,298.43,111.62,80.81,20,3,47,5,2038,2384,0.85,0.91,0.71,14.02,0.00,0.28,0.36,-0.02,1.76,28815.66,11972.77,7632.51,80.00,3.00,194.00,23.00,2106.00,3088.00,0.68,0.81,0.73,7.66,0.05,0.06,0.31,-0.02,1.15,1.19,1.76,-1.59,-3.19,74.26,0.33,31.67,23.54,5,1,10,1,492.41,0.02,217.08,-2.24,-41.00,2.00,-27.00,15.00
2026-01-08,249.42,96.55,54.66,13,1,24,6,1296,3284,0.39,0.41,0.43,17.13,-0.20,-0.42,-0.63,-1.34,2.22,28263.57,11830.15,7556.51,93.00,4.00,191.00,13.00,3623.00,1538.00,2.36,1.93,3.28,7.77,-0.07,-0.51,-0.82,-1.34,0.92,2.30,2.22,3.95,1.70,-49.01,-0.16,-15.07,-26.15,-7,-2,-23,1,-552.09,-0.02,-142.62,-76.00,13.00,1.00,-3.00,-10.00
2026-01-09,311.61,116.11,75.19,19,0,38,6,1994,2447,0.81,0.83,0.80,19.36,0.09,-0.30,-0.69,0.19,2.52,31524.25,12890.41,8789.01,98.00,1.00,265.00,11.00,3840.00,1264.00,3.04,2.72,3.50,7.78,0.92,1.15,0.77,0.19,3.55,3.39,2.52,2.79,0.32,62.19,0.25,19.56,20.53,6,-1,14,0,3260.68,0.12,1060.26,1232.50,5.00,-3.00,74.00,-2.00
2026-01-12,411.76,163.21,112.18,31,2,65,3,3116,1407,2.21,1.73,2.89,13.03,0.35,0.47,-0.13,2.57,6.42,36446.77,14459.57,10962.19,184.00,3.00,517.00,12.00,4072.00,1089.00,3.74,2.72,4.97,6.91,1.09,1.75,1.82,2.57,6.23,3.51,6.42,10.11,3.36,100.15,0.32,47.10,36.99,12,2,27,-3,4922.52,0.16,1569.16,2173.18,86.00,2.00,252.00,1.00
2026-01-13,406.83,154.05,121.23,42,2,93,4,2545,1871,1.36,1.22,1.40,15.11,0.11,0.21,0.07,-0.02,7.43,36988.16,14813.41,10869.22,68.00,50.00,141.00,252.00,1564.00,3620.00,0.43,0.46,0.41,7.69,-0.64,-1.37,-1.96,-0.02,-3.93,-3.88,7.43,-1.71,-8.32,-4.93,-0.01,-9.16,9.05,11,0,28,1,541.39,0.01,353.84,-92.97,-116.00,47.00,-376.00,240.00
2026-01-14,321.23,120.54,76.02,11,7,20,25,2065,2433,0.85,0.88,0.90,19.64,-0.00,0.17,0.34,-0.08,-1.64,39868.96,16067.94,11651.57,103.00,16.00,250.00,36.00,2675.00,2497.00,1.07,0.85,1.63,7.66,-0.31,0.56,0.82,-0.08,2.04,2.15,-1.64,6.08,7.82,-85.60,-0.21,-33.51,-45.21,-31,5,-73,21,2880.80,0.08,1254.53,782.35,35.00,-34.00,109.00,-216.00
2026-01-15,337.57,122.86,84.21,14,12,21,50,899,3844,0.23,0.27,0.18,16.07,-0.48,-0.63,-0.93,-4.38,-2.87,29384.94,11757.11,8497.13,56.00,64.00,119.00,180.00,2150.00,3031.00,0.71,0.87,0.60,7.67,-0.33,0.41,0.56,-4.38,-4.10,0.22,-2.87,-7.46,-4.90,16.34,0.05,2.32,8.19,3,5,1,25,-10484.02,-0.26,-4310.83,-3154.44,-47.00,48.00,-131.00,144.00
2026-01-16,354.35,149.87,82.65,12,34,40,48,3676,1066,3.45,3.64,2.93,22.35,0.35,0.47,0.78,-0.87,-1.47,30565.24,13378.54,8463.56,58.00,52.00,170.00,122.00,2292.00,2889.00,0.79,0.82,0.98,7.74,-0.26,-0.18,-0.20,-0.87,-2.42,-1.49,-1.47,-2.81,-1.43,16.78,0.05,27.01,-1.56,-2,22,19,-2,1180.30,0.04,1621.43,-33.57,2.00,-12.00,51.00,-58.00
2026-01-19,291.15,128.76,66.16,5,35,13,43,1569,3058,0.51,0.59,0.43,14.96,-0.27,-0.41,-0.60,-1.40,-1.02,27322.27,11899.67,7150.63,88.00,25.00,207.00,57.00,3432.00,1758.00,1.95,2.06,1.37,7.48,0.29,0.09,-0.70,-1.40,0.75,2.20,-1.02,0.03,1.07,-63.20,-0.18,-21.11,-16.49,-7,1,-27,-5,-3242.97,-0.11,-1478.87,-1312.93,30.00,-27.00,37.00,-65.00
2026-01-20,223.91,86.88,44.41,7,4,17,9,2348,1971,1.19,1.10,1.13,22.43,0.06,0.09,0.09,0.20,-0.03,28042.35,12213.55,7092.73,55.00,16.00,109.00,82.00,2165.00,3002.00,0.72,0.93,0.38,7.36,-0.01,-0.97,-1.79,0.20,-1.22,-1.42,-0.03,0.51,0.66,-67.24,-0.23,-41.88,-21.75,2,-31,4,-34,720.08,0.03,313.88,-57.90,-33.00,-9.00,-98.00,25.00
2026-01-21,218.10,87.29,48.00,7,3,14,9,825,4020,0.21,0.23,0.16,12.55,-0.25,-0.38,-0.24,-0.68,0.06,26237.47,11799.93,6561.17,81.00,5.00,191.00,29.00,3001.00,2126.00,1.41,1.30,1.84,7.95,0.08,0.70,0.54,-0.68,0.01,0.69,0.06,2.39,2.29,-5.81,-0.03,0.41,3.59,0,-1,-3,0,-1804.88,-0.06,-413.62,-531.56,26.00,-11.00,82.00,-53.00
2026-01-22,243.64,103.56,49.73,7,4,20,8,2804,1612,1.74,1.51,1.81,17.15,0.22,0.41,0.52,1.34,2.68,27164.09,12015.95,6861.76,75.00,3.00,156.00,20.00,3450.00,1733.00,1.99,1.77,1.67,8.59,0.14,0.50,1.01,1.34,1.10,-0.15,2.68,2.75,0.06,25.54,0.12,16.27,1.73,0,1,6,-1,926.62,0.04,216.02,300.59,-6.00,-2.00,-35.00,-9.00
2026-01-23,278.10,106.04,53.20,6,3,24,6,2891,1521,1.90,2.00,1.61,20.32,0.18,0.15,0.16,-0.96,0.09,31181.08,13366.83,8226.27,105.00,0.00,273.00,9.00,3828.00,1335.00,2.87,2.44,3.32,7.67,0.33,0.79,0.63,-0.96,-0.31,0.61,0.09,1.27,1.18,34.46,0.14,2.48,3.47,-1,-1,4,-2,4016.99,0.15,1350.88,1364.51,30.00,-3.00,117.00,-11.00
2026-01-26,339.35,143.26,87.28,14,3,50,7,2516,1995,1.26,1.24,1.34,11.96,0.21,0.37,0.48,-0.63,4.91,32806.46,14516.24,8452.11,71.00,33.00,151.00,197.00,1531.00,3672.00,0.42,0.48,0.33,6.87,-0.09,-0.85,-0.91,-0.63,-2.53,-1.94,4.91,1.86,-2.89,61.25,0.22,37.22,34.08,8,0,26,1,1625.38,0.05,1149.41,225.84,-34.00,33.00,-122.00,188.00
2026-01-27,235.51,99.78,50.42,4,4,11,15,1207,3411,0.35,0.41,0.31,15.92,-0.18,-0.23,-0.09,-1.20,-1.25,29214.73,12892.40,7503.72,53.00,2.00,144.00,36.00,1863.00,3348.00,0.56,0.62,0.66,7.49,0.18,0.09,0.71,-1.20,1.12,2.37,-1.25,0.71,2.04,-103.84,-0.31,-43.48,-36.86,-10,1,-39,8,-3591.73,-0.11,-1623.84,-948.39,-18.00,-31.00,-7.00,-161.00
2026-01-28,252.26,107.20,64.08,8,2,23,5,1755,2775,0.63,0.72,0.48,14.14,0.25,0.29,0.51,1.20,0.15,29922.93,13652.80,7493.18,81.00,7.00,167.00,58.00,1706.00,3500.00,0.49,0.55,0.26,7.42,0.27,0.09,-0.57,1.20,1.39,0.18,0.15,1.45,1.43,16.75,0.07,7.42,13.66,4,-2,12,-10,708.20,0.02,760.40,-10.54,28.00,5.00,23.00,22.00
2026-01-29,289.48,131.44,60.53,11,2,29,6,1195,3530,0.34,0.38,0.28,17.30,0.11,-0.07,-0.03,0.55,0.62,32594.17,14856.02,7956.30,85.00,13.00,153.00,81.00,1758.00,3436.00,0.51,0.57,0.35,8.39,0.16,-0.30,-0.57,0.55,1.75,1.25,0.62,5.51,4.88,37.22,0.15,24.24,-3.55,3,0,6,1,2671.24,0.09,1203.22,463.12,4.00,6.00,-14.00,23.00
2026-01-30,306.76,135.61,55.57,6,18,9,45,1079,3700,0.29,0.35,0.25,19.51,-0.63,-0.60,-0.09,-2.03,-4.00,28624.25,12696.32,7309.64,48.00,54.00,117.00,148.00,2360.00,2823.00,0.84,0.89,0.97,8.39,-0.96,-0.66,1.27,-2.03,-1.90,0.09,-4.00,-4.62,-0.69,17.28,0.06,4.17,-4.96,-5,16,-20,39,-3969.92,-0.12,-2159.70,-646.66,-37.00,41.00,-36.00,67.00
2026-02-02,339.05,139.50,87.48,6,71,17,122,1231,3581,0.34,0.39,0.37,20.88,-0.93,-0.54,0.65,-2.37,-1.22,26066.38,11633.50,6818.66,36.00,109.00,60.00,388.00,723.00,4534.00,0.16,0.15,0.19,9.73,-2.48,-2.69,-2.46,-2.37,-4.52,-2.18,-1.22,-3.22,-1.93,32.29,0.11,3.89,31.91,0,53,8,77,-2557.87,-0.09,-1062.82,-490.98,-12.00,55.00,-57.00,240.00
2026-02-03,259.70,114.38,53.78,8,25,16,35,4740,333,14.23,10.88,24.26,26.55,0.70,1.18,1.65,2.77,0.74,25656.13,11106.00,6817.38,69.00,10.00,263.00,17.00,4745.00,477.00,9.95,7.00,21.62,9.52,1.29,2.19,1.86,2.77,3.66,0.86,0.74,4.14,3.47,-79.35,-0.23,-25.12,-33.70,2,-46,-1,-87,-410.25,-0.02,-527.50,-1.28,33.00,-99.00,203.00,-371.00
2026-02-04,262.59,106.28,59.56,7,1,17,5,1578,3035,0.52,0.54,0.38,19.30,-0.00,-0.39,-0.80,-0.71,1.66,25032.63,10633.94,6808.72,68.00,7.00,130.00,63.00,3157.00,2061.00,1.53,1.71,0.94,8.97,0.85,0.21,-0.40,-0.71,-3.90,-3.22,1.66,4.55,2.83,2.89,0.01,-8.10,5.78,-1,-24,1,-30,-623.50,-0.02,-472.06,-8.66,-1.00,-3.00,-133.00,46.00
2026-02-05,230.55,89.84,57.64,3,1,7,22,887,3801,0.23,0.30,0.17,15.36,-0.66,-0.96,-1.02,-2.32,-1.01,21942.80,9468.70,5589.16,44.00,16.00,75.00,92.00,1538.00,3634.00,0.42,0.53,0.36,7.63,-0.64,-1.44,-1.55,-2.32,-1.27,1.08,-1.01,-0.96,-0.08,-32.04,-0.12,-16.44,-1.92,-4,0,-10,17,-3089.83,-0.12,-1165.24,-1219.56,-24.00,9.00,-55.00,29.00
2026-02-06,208.13,86.54,44.89,7,10,14,16,728,4226,0.17,0.18,0.16,14.69,-0.87,-1.09,-1.15,-1.42,0.91,21634.75,8985.80,5665.46,57.00,5.00,105.00,32.00,2661.00,2477.00,1.07,0.89,1.31,7.75,-0.25,-0.33,-0.73,-1.42,-1.73,-0.32,0.63,0.54,-0.10,-22.42,-0.10,-3.30,-12.75,4,9,7,-6,-308.05,-0.01,-482.90,76.30,13.00,-11.00,30.00,-60.00
2026-02-09,271.85,103.27,73.16,19,0,38,1,4789,327,14.65,11.98,17.20,14.57,0.93,1.50,1.95,3.13,2.14,22702.04,9495.92,6444.86,86.00,3.00,215.00,9.00,4504.00,705.00,6.39,5.43,8.52,7.65,1.41,2.17,2.98,3.13,4.58,1.39,2.14,2.59,0.45,63.72,0.31,16.73,28.27,12,-10,24,-15,1067.29,0.05,510.12,779.40,29.00,-2.00,110.00,-23.00
2026-02-10,197.10,77.56,55.15,13,1,29,2,2307,1961,1.18,1.20,0.95,18.28,0.11,-0.05,-0.33,-0.26,3.55,21247.44,8821.34,5971.29,60.00,4.00,108.00,21.00,2129.00,3037.00,0.70,0.68,0.85,7.05,0.13,0.02,-0.37,-0.26,-1.18,-0.93,3.55,4.38,0.77,-74.75,-0.27,-25.71,-18.01,-6,1,-9,1,-1454.60,-0.06,-674.58,-473.57,-26.00,1.00,-107.00,12.00
2026-02-11,180.36,63.46,55.26,9,0,18,5,1791,2608,0.69,0.71,0.70,17.81,-0.10,-0.17,-0.24,-0.01,-0.84,20010.43,8224.95,5652.28,51.00,8.00,95.00,32.00,1981.00,3155.00,0.63,0.73,0.53,8.35,0.09,-0.35,-1.08,-0.01,-1.18,-1.18,-0.84,-2.62,-1.65,-16.74,-0.08,-14.10,0.11,-4,-1,-11,3,-1237.01,-0.06,-596.39,-319.01,-9.00,4.00,-13.00,11.00
2026-02-12,185.01,70.28,50.06,9,5,24,6,2328,2056,1.13,1.07,1.25,15.79,0.12,0.12,0.30,-1.49,-0.56,21607.70,8978.47,6181.26,61.00,14.00,142.00,31.00,2067.00,3152.00,0.66,0.62,0.89,7.87,0.05,0.86,1.32,-1.49,-0.75,0.67,-0.56,-0.79,-0.26,4.65,0.03,6.82,-5.20,0,5,6,1,1597.27,0.08,753.52,528.98,10.00,6.00,47.00,-1.00
2026-02-13,201.51,80.56,47.09,4,2,4,6,1621,2909,0.56,0.51,0.53,18.46,-0.44,-0.66,-0.56,-0.83,-1.72,19989.42,8467.14,5460.82,32.00,13.00,62.00,46.00,1448.00,3755.00,0.39,0.37,0.48,7.56,-1.26,-1.28,-1.57,-0.83,-0.39,0.41,-1.72,-1.82,-0.10,16.50,0.09,10.28,-2.97,-5,-3,-20,0,-1618.28,-0.07,-511.33,-720.44,-29.00,-1.00,-80.00,15.00
2026-02-24,305.43,126.91,74.36,9,4,22,10,4859,285,17.05,13.61,17.01,15.83,1.15,1.52,1.70,0.79,0.13,22181.61,9384.18,5970.04,93.00,16.00,225.00,66.00,3886.00,1342.00,2.90,2.51,2.40,7.12,0.87,1.36,0.99,0.79,-0.80,-1.64,0.13,1.26,1.10,103.92,0.52,46.35,27.27,5,2,18,4,2192.19,0.11,917.04,509.22,61.00,3.00,163.00,20.00
2026-02-25,166.99,68.83,35.40,3,2,13,5,2821,1492,1.89,1.78,1.83,14.19,0.15,0.21,0.15,0.07,1.56,24808.92,10858.09,6268.51,75.00,3.00,162.00,15.00,3605.00,1581.00,2.28,2.23,1.94,6.62,0.72,1.29,1.41,0.07,0.20,0.14,1.56,2.26,0.69,-138.44,-0.45,-58.08,-38.96,-6,-2,-9,-5,2627.31,0.12,1473.91,298.47,-18.00,-13.00,-63.00,-51.00
2026-02-26,212.47,79.53,46.74,3,0,14,2,2603,1708,1.52,1.51,1.35,14.46,0.09,0.14,-0.24,0.36,-1.01,25566.39,10670.75,6971.26,63.00,4.00,150.00,13.00,2405.00,2783.00,0.86,0.90,1.12,7.71,-0.01,0.19,-0.29,0.36,2.21,1.84,-1.01,3.05,4.11,45.48,0.27,10.70,11.34,0,-2,1,-3,757.47,0.03,-187.34,702.75,-12.00,1.00,-12.00,-2.00
2026-02-27,212.77,80.71,56.08,3,0,3,3,1110,3485,0.32,0.36,0.26,15.93,-0.43,-0.89,-1.23,-1.74,-1.82,25054.80,10721.18,6670.75,75.00,0.00,140.00,7.00,3151.00,2022.00,1.56,1.57,1.45,7.99,0.39,-0.06,-1.04,-1.74,-0.89,0.89,-1.82,0.60,2.47,0.30,0.00,1.18,9.34,0,0,-11,1,-511.59,-0.02,50.43,-300.51,12.00,-4.00,-10.00,-6.00
