涨停价,跌停价
41.6,22.4
34.93,18.81
130.16,70.1
8.63,4.65
9.51,5.13
124.82,67.22
59.13,31.85
59.8,32.2
200.78,108.12
84.5,45.5
8.93,5.95
20.62,13.74
26.44,17.62
31.6,21.06
34.42,22.94
37.42,24.94
19.01,12.67
21.65,14.43
48.52,32.34
29.39,19.59
32.09,21.39
37.91,25.27
43.49,28.99
46.61,31.07
53.99,35.99
59.99,39.99
63.23,42.15
140.27,93.51
155.99,103.99
47.88,31.92
7.86,5.24
24.48,16.32
109.62,73.08
99.06,66.04
83.04,55.36
33.24,22.16
42.18,28.12
194.4,129.6
94.2,62.8
128.4,85.6
47.16,31.44
14.52,9.68
13.02,8.68
70.14,46.76
62.64,41.76
34.98,23.32
131.88,87.92
159.68,106.46
79.09,52.73
47.71,31.81
87.26,58.18
64.82,43.22
29.29,19.53
57.68,38.46
25.27,16.85
34.94,23.3
33.38,22.26
26.06,17.38
12.97,8.65
10.39,6.93
19.88,13.26
39.16,21.1
140.4,93.6
218.24,145.5
15.5,10.34
49.86,33.24
101.11,67.41
11.17,7.45
30.1,20.06
49.8,33.2
34.44,22.96
18.62,12.42
50.09,33.39
38.44,25.62
64.42,42.94
48.07,32.05
37.07,24.71
61.81,41.21
317.3,211.54
37.15,24.77
36.46,24.3
56.17,37.45
30.53,20.35
167.99,111.99
23.76,12.8
46.03,24.79
34.56,23.04
24.19,16.13
13.14,8.76
9.84,6.56
24.25,16.17
19.57,10.55
78.38,52.26
71.75,47.83
20.38,13.58
49.49,32.99
9.26,6.18
27.64,18.42
45.4,30.26
49.4,32.94
10.87,7.25
690.8,460.54
111.54,74.36
70.98,47.32
57.49,38.33
66.6,44.4
42.19,28.13
95.54,63.7
47.88,31.92
28.22,18.82
160.08,106.72
75.07,50.05
39.02,26.02
22.34,14.9
89.9,59.94
247.38,164.92
68.9,45.94
24.41,16.27
113.94,75.96
12.92,8.62
35.45,23.63
37.93,25.29
32.09,21.39
10.85,7.23
74.17,49.45
145.91,97.27
34.39,18.53
124.02,82.68
60.66,40.44
44.05,23.73
31.61,21.07
38.04,25.36
32.78,17.66
30.73,16.55
111.16,74.1
1.97,1.31
62.04,41.36
14.21,9.47
89.64,59.76
25.38,16.92
86.35,57.57
68.75,45.83
36.81,19.83
7.81,5.21
65.24,35.14
26.44,17.62
62.63,33.73
62.8,41.86
15.67,10.45
10.69,7.13
31.88,21.26
31.13,20.75
55.79,37.19
29.7,16.0
35.94,19.36
34.4,22.94
74.29,49.53
213.34,142.22
55.06,36.7
53.14,28.62
409.8,273.2
172.79,115.19
26.06,17.38
6.44,4.3
30.77,20.51
56.41,37.61
23.58,12.7
6.32,4.22
42.6,28.4
26.83,17.89
46.72,31.14
10.2,6.8
7.14,4.76
50.81,27.37
20.77,13.85
52.0,34.66
18.43,12.29
49.99,26.93
426.72,284.48
66.49,44.33
90.18,60.12
7.26,4.84
56.43,30.39
89.04,59.36
57.91,38.61
27.54,18.36
71.1,47.4
50.29,33.53
9.82,6.54
46.43,30.95
20.0,13.34
19.91,10.73
1.94,1.58
67.75,45.17
3.91,3.2
5.13,4.19
6.01,4.91
4.92,4.02
3.28,2.68
8.31,6.8
5.03,4.11
8.86,7.25
3.94,3.22
8.21,6.71
6.35,5.19
6.35,5.19
8.98,7.34
11.39,9.32
11.61,9.5
7.12,5.82
12.49,10.22
13.37,10.94
10.74,8.78
12.5,10.22
16.56,13.55
13.27,10.85
11.41,9.33
11.41,9.33
19.97,16.34
16.02,13.1
17.67,14.45
22.39,18.32
18.33,14.99
23.16,18.95
14.6,11.94
25.47,20.84
15.37,12.57
10.43,8.53
16.47,13.47
16.58,13.56
11.09,9.07
5.82,4.76
103.61,69.07
12.08,9.88
21.42,17.52
14.39,11.77
7.47,6.11
7.69,6.29
17.25,14.11
35.49,29.03
9.01,7.37
27.03,22.11
37.03,30.29
18.9,15.46
29.01,23.73
38.36,31.38
66.83,54.68
56.17,45.95
37.71,30.85
78.17,63.95
19.68,16.1
116.66,95.45
23.53,19.25
53.88,44.08
27.71,22.67
27.71,22.67
31.56,25.82
66.86,54.7
35.85,29.33
51.03,41.75
80.95,66.23
15.07,12.33
13.31,10.89
10.67,8.73
6.71,5.49
7.15,5.85
21.01,17.19
22.0,18.0
14.63,11.97
48.4,39.6
26.73,21.87
3.96,3.24
23.43,19.17
52.8,43.2
26.4,21.6
20.13,16.47
51.37,42.03
56.66,46.36
49.4,40.42
70.64,57.8
34.88,28.54
66.9,54.74
64.04,52.4
18.82,15.4
17.72,14.5
17.39,14.23
16.62,13.6
15.3,12.52
28.62,23.42
42.82,35.04
27.63,22.61
22.79,18.65
21.47,17.57
28.52,23.34
35.13,28.75
34.36,28.12
16.19,13.25
15.64,12.8
14.65,11.99
14.32,11.72
27.87,22.81
20.49,16.77
20.05,16.41
19.94,16.32
6.28,5.14
24.46,20.02
5.95,4.87
9.37,7.67
9.04,7.4
8.6,7.04
15.33,12.55
11.47,9.39
14.89,12.19
13.35,10.93
13.35,10.93
9.82,8.04
6.86,4.58
10.38,8.5
7.62,6.24
6.85,5.61
6.74,5.52
8.4,6.88
7.41,6.07
8.09,6.62
23.78,19.46
107.06,71.38
103.71,55.85
20.82,17.04
69.4,46.26
25.72,17.14
92.83,61.89
29.45,19.63
65.14,43.42
19.54,13.02
10.22,8.36
68.57,45.71
47.87,31.91
58.6,47.94
39.14,26.1
60.07,40.05
10.33,6.89
14.82,9.88
74.71,49.81
11.1,9.08
33.91,22.61
6.48,4.32
194.41,129.61
7.42,4.94
51.32,41.99
173.78,115.86
16.19,10.79
24.9,20.38
30.02,24.56
20.47,13.65
61.2,40.8
19.56,13.04
36.78,24.52
35.06,23.38
59.88,39.92
18.43,15.08
28.82,19.22
34.94,23.3
10.81,8.85
23.2,15.46
4.73,3.87
23.64,15.76
12.21,9.99
67.39,44.93
7.36,4.9
14.58,9.72
60.44,40.3
7.14,5.84
27.53,18.35
21.36,14.24
6.2,4.14
35.42,28.98
51.31,34.21
54.7,36.46
47.66,31.78
104.94,69.96
21.98,14.66
10.99,8.99
14.44,11.82
26.96,14.52
65.35,43.57
27.01,18.01
19.73,16.15
31.68,21.12
18.59,15.21
282.55,188.37
26.58,14.32
19.92,13.28
53.05,35.37
51.22,34.14
17.35,9.35
61.05,49.95
45.16,30.1
116.82,77.88
8.72,5.82
23.64,15.76
14.86,12.16
32.4,21.6
73.1,48.74
15.47,10.31
10.64,8.7
36.12,24.08
31.55,25.81
69.0,56.46
35.51,19.13
38.17,31.23
19.73,13.15
37.05,19.95
3.62,2.96
177.32,118.22
19.77,16.17
4.9,4.01
15.88,10.58
31.08,16.74
3.82,3.12
39.85,26.57
7.02,4.68
10.41,8.51
10.31,6.87
45.88,30.58
20.77,13.85
31.43,25.71
27.5,22.5
15.59,12.75
36.05,29.49
17.35,11.57
28.56,19.04
13.01,8.67
100.6,82.31
5.6,3.74
29.25,23.93
14.77,9.85
39.42,32.26
14.18,9.46
4.63,3.79
32.6,26.68
210.84,140.56
9.52,6.34
29.82,19.88
217.06,144.7
164.17,109.45
14.19,7.65
57.97,47.43
6.79,4.53
20.39,16.69
13.19,10.79
18.06,14.78
22.86,12.32
77.39,63.32
39.4,26.26
18.54,12.36
44.88,29.92
84.22,56.14
17.16,14.04
6.26,4.18
44.4,36.32
10.65,8.71
33.57,18.09
76.45,62.55
72.34,59.18
25.51,17.01
48.55,32.37
23.9,15.94
10.54,8.62
27.31,18.21
84.84,56.56
66.31,44.21
26.35,17.57
35.22,23.48
54.61,36.41
24.82,16.54
33.3,27.24
14.53,11.89
58.18,38.78
46.5,38.04
52.45,34.97
38.52,25.68
18.85,10.15
83.83,55.89
35.19,18.95
34.02,27.84
13.57,9.05
43.35,35.47
64.37,42.91
29.45,19.63
41.36,27.58
21.55,17.63
20.04,16.4
13.98,11.44
8.53,6.98
23.67,19.37
71.7,47.8
61.16,50.04
7.87,5.25
11.55,9.45
34.61,23.07
124.95,102.23
64.04,42.7
32.3,21.54
43.53,35.61
18.02,12.02
57.61,38.41
8.76,5.84
11.63,7.75
15.65,12.81
16.08,10.72
34.39,22.93
7.61,6.23
31.9,26.1
84.52,56.34
22.34,18.28
13.64,9.1
124.16,82.78
40.66,27.1
11.14,9.12
17.48,11.66
251.22,167.48
51.26,41.94
49.08,26.44
3.78,2.52
35.7,29.21
27.07,18.05
110.52,73.68
49.82,33.22
12.57,10.29
34.39,28.13
46.68,25.14
51.04,41.76
20.41,13.61
19.43,15.89
18.74,12.5
18.35,15.01
42.62,22.96
18.38,15.04
42.12,34.46
13.38,8.92
8.56,7.0
25.57,17.05
21.03,11.33
36.1,29.54
38.1,31.18
38.06,20.5
53.26,35.5
6.92,4.62
79.13,52.75
112.14,74.76
7.83,6.41
13.18,8.78
40.81,27.21
13.2,8.8
21.76,17.8
77.89,51.93
10.48,8.58
-1.0,-1.0
128.48,85.66
49.89,26.87
66.7,44.46
35.8,23.86
33.13,17.85
8.26,6.76
18.75,10.11
14.81,9.87
6.81,5.57
29.54,19.7
46.26,30.84
19.98,13.32
25.66,21.0
29.02,15.64
19.9,16.28
9.13,6.09
49.45,40.46
30.71,25.13
41.45,27.63
72.82,48.54
86.05,57.37
35.46,23.64
16.18,10.78
44.08,36.06
17.06,13.96
10.66,8.72
27.0,18.0
32.23,26.37
14.45,9.63
3.71,2.47
24.5,16.34
42.23,34.55
9.48,6.32
8.2,5.46
65.57,53.65
19.56,13.04
8.39,6.87
3.26,2.66
22.3,14.86
40.69,27.13
26.83,14.45
20.5,16.78
48.9,32.6
39.5,26.34
11.92,9.76
30.49,16.43
9.01,7.37
30.15,24.67
3.64,2.98
32.29,26.42
60.41,40.27
19.14,12.76
17.72,14.5
5.39,4.41
18.23,12.15
35.89,23.93
166.87,111.25
65.34,43.56
70.14,46.76
33.2,22.14
1.94,1.58
37.72,25.14
49.67,33.11
4.43,2.95
14.15,11.57
11.5,9.41
54.35,44.47
13.19,7.11
7.27,5.95
22.53,18.43
23.1,12.44
32.58,21.72
73.5,49.0
10.14,8.3
14.2,9.46
21.93,17.95
46.42,37.98
13.78,7.42
37.2,30.44
46.27,30.85
26.76,14.42
13.67,11.19
21.78,17.82
73.74,49.16
42.54,28.36
91.51,61.01
52.25,42.75
54.08,29.12
6.51,5.33
8.69,7.11
45.3,37.06
4.36,3.56
198.0,132.0
53.88,35.92
80.26,53.5
13.28,8.86
190.68,127.12
70.44,46.96
13.9,9.26
35.7,29.21
43.01,28.67
11.87,9.71
140.64,93.76
58.51,39.01
31.67,21.11
20.65,13.77
38.42,31.44
10.3,8.42
31.92,21.28
6.65,4.43
32.78,17.66
35.12,23.42
23.83,15.89
82.93,55.29
4.08,3.34
7.24,5.92
12.51,6.75
38.44,20.7
15.64,10.42
33.04,27.04
24.85,16.57
15.87,12.99
12.8,6.9
18.33,9.87
8.77,5.85
41.56,34.0
28.01,18.67
71.8,47.86
97.87,65.25
18.23,12.15
26.68,21.83
88.33,72.27
137.17,91.45
122.93,100.58
41.84,22.54
150.0,100.0
62.03,41.35
23.94,15.96
6.07,4.97
107.69,88.11
82.32,54.88
20.21,13.47
22.75,18.61
28.62,19.08
140.4,93.6
39.4,26.26
12.69,10.39
8.2,5.46
11.97,9.79
6.53,4.35
38.61,31.59
13.52,11.06
80.3,53.54
7.0,5.72
11.67,9.55
46.52,38.06
17.44,11.62
18.52,15.16
14.04,9.36
25.32,16.88
41.74,27.82
5.47,4.47
28.16,23.04
37.82,25.22
31.96,26.15
23.35,15.57
131.67,107.73
11.99,9.81
19.73,13.15
51.48,42.12
38.49,31.49
30.79,20.53
12.5,8.34
14.86,12.16
62.54,41.7
50.71,33.81
18.0,12.0
62.26,50.94
19.31,15.8
23.3,19.06
37.38,24.92
22.85,15.23
21.95,17.96
25.15,20.57
22.77,18.63
22.57,18.47
52.55,35.03
7.6,6.22
44.25,36.21
65.88,53.9
11.42,9.34
85.98,46.3
18.67,15.27
23.49,19.22
46.64,31.1
28.96,15.6
5.23,4.28
21.05,14.03
10.25,8.39
37.07,24.71
13.67,11.19
12.07,8.05
41.05,27.37
25.03,16.69
10.67,8.73
4.63,3.79
141.49,94.33
9.28,7.6
18.66,10.06
50.03,40.93
17.26,11.5
14.47,9.65
25.72,21.04
8.24,5.5
9.6,7.86
45.39,37.13
19.03,15.57
38.73,31.69
43.09,35.25
39.42,26.28
118.28,78.86
33.5,27.41
23.34,15.56
42.81,35.03
13.28,8.86
42.78,28.52
40.25,32.93
63.73,42.49
45.0,30.0
25.69,17.13
15.85,12.97
5.92,3.94
24.89,16.59
254.49,208.22
19.96,13.3
27.76,18.5
18.6,12.4
9.3,7.61
290.28,193.52
73.8,49.2
7.62,5.08
9.47,6.31
20.11,13.41
22.93,15.29
21.55,14.37
38.06,31.14
16.01,10.67
7.46,6.1
77.23,51.49
14.72,12.04
7.26,5.94
12.82,8.54
37.18,20.02
23.38,15.58
24.08,16.06
216.84,144.56
4.3,3.52
13.78,11.28
87.91,58.61
39.76,26.5
206.18,168.7
26.1,21.36
29.21,19.47
44.5,36.41
14.39,9.59
42.43,22.85
46.28,30.86
17.0,11.34
35.95,29.41
35.21,23.47
13.87,11.35
19.73,16.15
39.72,21.4
38.61,31.59
10.85,8.87
6.01,5.43
27.81,22.75
26.54,21.72
19.24,12.82
14.02,9.34
24.48,16.32
90.0,60.0
9.05,6.03
12.46,10.2
43.97,35.97
15.04,13.6
23.86,19.52
6.57,5.37
18.16,12.1
90.66,60.44
14.59,9.73
16.9,13.82
18.22,14.9
8.8,7.96
9.64,8.72
17.0,11.34
40.51,27.01
52.02,34.68
9.67,7.91
45.34,41.02
122.84,111.14
24.0,16.0
8.19,7.41
9.45,8.55
44.73,40.47
251.27,167.51
47.83,31.89
8.63,7.81
8.16,6.68
7.16,6.48
19.27,12.85
5.06,4.58
13.49,11.03
12.04,10.9
8.64,7.07
10.78,9.76
7.83,7.09
11.62,7.74
7.77,6.35
49.93,40.85
29.24,26.46
45.06,30.04
20.35,13.57
18.43,12.29
7.12,5.82
102.57,55.23
32.39,21.59
28.79,19.19
3.2,2.9
4.03,3.29
53.96,35.98
17.83,11.89
29.12,15.68
28.85,19.23
78.35,64.11
2.57,2.33
11.69,9.57
30.18,20.12
30.82,25.22
33.16,22.1
4.08,3.7
65.64,43.76
11.95,9.77
34.9,18.8
18.27,14.95
7.88,5.26
30.84,20.56
18.59,15.21
22.54,15.02
16.35,13.37
10.68,8.74
7.5,6.14
16.37,10.91
19.6,13.06
95.03,63.35
7.73,6.33
22.09,14.73
32.56,26.64
20.38,13.58
2.74,1.82
25.08,20.52
42.42,34.7
23.95,19.59
24.41,19.97
13.53,7.29
17.88,9.64
81.84,54.56
13.33,10.91
46.51,31.01
22.39,14.93
45.54,30.36
40.57,27.05
28.39,15.29
111.89,91.55
71.14,47.42
404.02,269.34
47.25,38.66
80.66,66.0
6.58,4.38
8.1,5.4
8.1,5.4
27.1,18.06
28.54,15.38
3.03,2.48
21.65,17.71
11.41,9.33
108.36,72.24
38.68,25.78
11.43,9.35
275.06,225.05
13.31,10.89
4.91,4.01
23.19,18.97
33.25,22.17
18.17,12.11
5.64,3.76
27.75,22.71
7.96,5.3
22.6,15.06
28.91,19.27
9.71,7.95
27.42,18.28
82.03,54.69
20.66,16.9
38.89,25.93
15.95,13.05
10.24,8.38
37.64,30.8
55.88,37.26
41.14,33.66
16.19,10.79
22.06,18.05
12.56,8.38
23.52,19.24
34.09,27.89
29.88,19.92
35.15,23.43
68.29,45.53
20.23,16.55
5.06,4.14
33.31,17.95
94.91,63.27
33.29,27.23
36.89,24.59
64.49,52.77
26.1,17.4
5.02,3.34
44.1,29.4
57.87,47.35
39.43,26.29
9.54,6.36
30.61,25.05
17.53,14.35
60.1,40.06
6.66,4.44
40.52,33.16
81.04,54.02
26.05,17.37
18.35,9.89
15.05,12.31
8.08,5.38
27.22,18.14
8.63,5.75
62.04,41.36
37.28,24.86
26.94,14.52
11.42,9.34
12.66,10.36
20.13,16.47
16.46,13.46
15.25,10.17
33.22,27.18
18.54,12.36
16.64,11.1
42.4,28.26
23.26,15.5
25.18,16.78
41.5,22.36
64.33,42.89
6.78,5.54
21.11,17.27
57.02,38.02
18.14,12.1
16.16,13.22
7.45,4.97
42.78,35.0
8.36,6.84
8.68,4.68
79.41,64.97
49.06,32.7
14.7,9.8
20.82,13.88
44.7,29.8
26.73,21.87
18.61,15.23
37.27,24.85
12.5,10.22
22.96,18.78
5.1,4.18
46.22,30.82
70.2,46.8
7.52,5.02
348.02,232.02
7.41,6.07
29.3,19.54
12.79,10.47
24.9,16.6
8.48,6.94
55.8,37.2
21.9,11.8
34.78,28.46
24.01,19.65
136.4,90.94
9.04,7.4
36.36,24.24
34.98,23.32
14.22,11.64
13.19,10.79
26.52,17.68
30.8,25.2
16.06,13.14
23.6,19.31
11.67,9.55
33.43,18.01
12.74,8.5
10.76,7.18
22.12,14.74
3.39,2.77
21.61,14.41
9.13,7.47
33.13,27.11
61.49,40.99
11.68,7.78
7.05,5.77
9.14,7.48
24.7,13.3
34.22,22.82
28.5,23.32
12.03,9.85
22.56,15.04
12.4,6.68
47.05,38.49
3.16,2.58
20.95,13.97
30.48,20.32
47.46,31.64
30.85,20.57
31.57,17.01
10.39,6.93
79.95,65.41
5.57,4.55
23.42,15.62
28.58,15.4
15.95,13.05
6.12,5.0
11.45,9.37
16.25,13.29
10.46,6.98
33.17,22.11
21.24,14.16
5.99,3.23
61.25,50.11
23.34,19.1
56.88,46.54
148.32,98.88
41.99,27.99
26.41,14.23
8.35,6.83
22.11,18.09
23.87,15.91
14.05,11.49
24.47,16.31
37.75,25.17
7.3,5.98
20.15,10.85
24.1,19.72
9.76,6.5
9.52,7.79
2.99,2.45
5.72,4.68
34.51,23.01
76.76,51.18
6.82,5.58
43.82,29.22
7.93,6.49
14.51,11.87
7.39,6.05
24.25,16.17
71.34,47.56
35.08,18.9
9.0,6.0
33.91,22.61
11.41,7.61
16.82,11.22
30.86,25.25
20.75,13.83
33.08,27.06
46.38,30.92
6.91,5.65
47.96,31.98
5.53,4.53
22.46,18.38
4.72,3.86
66.08,44.06
57.24,46.84
10.01,6.67
5.46,3.64
15.02,12.29
16.7,13.66
14.2,11.62
84.66,69.26
22.19,14.79
10.94,7.3
71.93,58.85
60.23,49.28
9.48,7.76
4.74,3.88
10.36,6.9
6.42,5.26
9.78,8.0
14.94,9.96
63.5,51.96
26.45,14.25
50.09,33.39
7.33,4.89
30.81,16.59
20.19,16.52
9.86,8.06
76.35,62.47
36.63,19.73
66.72,44.48
44.92,29.94
38.15,25.43
60.95,49.87
22.69,12.23
17.52,14.34
9.33,7.63
9.64,7.88
56.41,46.15
10.21,8.35
5.1,4.18
24.76,16.5
5.68,4.64
26.95,17.97
9.38,7.68
23.32,19.08
17.37,14.21
9.97,8.15
54.54,29.38
40.46,21.8
5.42,4.44
20.56,13.7
8.74,5.82
10.32,8.44
3.44,2.82
13.77,11.27
57.3,38.2
21.26,17.4
53.93,35.95
11.55,6.23
7.22,4.82
10.37,8.49
34.42,18.54
28.96,19.3
46.27,30.85
3.18,2.6
38.16,25.44
14.76,12.08
17.38,14.22
44.94,36.77
41.45,27.63
13.93,11.39
20.9,13.94
27.88,18.58
2.9,2.38
23.76,15.84
7.84,6.42
39.91,21.49
21.66,14.44
114.72,76.48
57.76,38.5
34.18,22.78
70.27,46.85
26.6,17.74
12.34,10.1
30.04,24.58
18.96,12.64
6.78,5.54
10.63,8.69
40.94,27.3
53.86,35.9
31.28,20.86
5.62,4.6
12.13,9.93
12.43,10.17
37.14,24.76
5.5,3.66
63.4,42.26
22.32,14.88
10.68,7.12
70.01,46.67
19.64,16.07
101.38,67.58
3.58,2.38
29.62,19.74
31.08,25.43
17.93,14.67
23.67,12.75
61.36,40.9
4.9,3.26
12.88,10.54
25.85,13.93
7.52,5.02
78.84,52.56
21.92,14.62
6.88,4.58
16.39,10.93
8.42,6.89
59.21,48.45
17.46,14.28
12.48,8.32
35.16,23.44
14.47,11.84
23.53,12.67
15.39,12.59
47.08,25.36
12.99,10.63
36.59,29.93
16.34,13.37
51.54,34.36
22.91,12.35
14.85,12.15
11.83,9.68
11.22,9.18
109.85,73.23
37.93,31.03
7.9,6.46
9.43,7.71
35.18,23.46
53.78,35.86
9.96,6.64
35.87,23.91
12.2,9.98
25.62,17.08
9.16,7.5
9.0,6.0
50.36,33.58
21.36,14.24
18.37,15.03
17.16,14.04
25.74,21.06
52.27,34.85
5.84,4.78
33.22,22.14
9.81,5.29
10.07,6.71
13.46,7.26
2.77,2.27
30.59,20.39
41.03,27.35
18.84,12.56
8.41,5.61
23.89,15.93
7.42,4.94
8.77,4.73
54.16,44.32
103.0,68.66
26.35,21.56
38.1,20.52
23.56,19.28
21.09,17.25
64.32,42.88
15.44,8.32
34.65,18.67
38.83,25.89
29.32,19.54
8.76,7.16
72.93,59.67
6.58,5.38
26.0,21.28
47.53,31.69
10.66,8.72
20.09,16.43
144.3,77.7
3.45,2.83
30.46,24.92
9.43,7.71
8.8,7.2
18.87,15.44
25.17,20.59
11.65,9.53
11.02,9.02
16.39,13.41
22.07,18.05
27.61,14.87
39.55,21.31
48.05,39.31
37.3,24.86
32.82,21.88
167.99,111.99
25.62,17.08
15.59,10.39
7.62,6.24
2.86,2.34
50.27,33.51
21.03,17.21
17.85,14.61
15.31,12.53
9.05,6.03
18.83,15.41
9.9,8.1
28.69,15.45
14.38,11.76
26.81,14.45
4.49,3.67
24.73,20.23
9.48,6.32
10.31,8.43
13.53,11.07
13.21,10.81
66.48,44.32
62.57,51.19
25.72,17.14
18.68,12.46
12.61,10.31
33.19,22.13
10.71,5.77
12.96,10.6
11.66,7.78
18.78,10.12
24.54,13.22
3.89,3.19
15.34,8.26
34.42,28.16
8.13,6.65
72.72,48.48
15.04,8.1
13.06,10.68
39.95,26.63
11.06,7.38
23.92,15.94
71.75,47.83
46.43,30.95
13.44,11.0
42.25,28.17
43.49,23.43
11.18,9.14
181.87,121.25
9.87,8.07
13.22,7.12
13.5,11.04
36.0,24.0
23.05,15.37
3.25,2.17
26.53,21.71
15.23,10.15
3.18,2.88
24.0,16.0
14.67,12.01
40.08,26.72
18.24,12.16
17.4,14.24
59.6,48.76
13.73,11.23
15.71,10.47
59.97,49.07
111.54,74.36
27.84,22.78
31.88,26.08
13.76,11.26
92.58,49.86
56.54,37.7
3.71,3.03
93.96,62.64
8.12,6.64
19.31,15.8
5.08,4.16
13.24,10.84
3.06,2.5
28.23,23.09
29.7,19.8
22.95,12.37
1.71,1.4
29.68,24.28
20.16,10.86
18.78,15.36
6.83,5.59
18.13,14.83
17.17,11.45
16.58,8.94
55.21,45.17
14.96,9.98
11.32,9.26
46.13,30.75
15.4,10.26
105.49,56.81
36.85,24.57
12.04,8.02
24.53,20.07
110.45,73.63
63.73,42.49
2.64,1.76
2.42,1.98
13.49,7.27
12.46,10.2
13.24,8.82
44.29,29.53
45.21,36.99
8.35,5.57
30.77,20.51
7.68,6.28
6.63,5.43
14.32,11.72
19.06,12.7
22.92,15.28
18.21,9.81
18.74,12.5
17.53,14.35
19.7,16.12
11.62,9.5
18.48,12.32
18.88,12.58
3.08,2.06
2.48,2.03
4.95,4.05
5.02,3.34
20.53,16.79
164.89,109.93
20.47,13.65
49.06,32.7
11.7,9.58
18.03,9.71
13.84,11.32
70.08,46.72
183.55,122.37
148.12,121.19
38.36,25.58
15.99,13.09
18.13,14.83
32.37,17.43
15.16,10.1
11.08,9.06
203.98,135.98
10.54,7.02
8.2,5.46
16.47,13.47
23.44,15.62
38.7,25.8
26.52,21.7
15.41,12.61
16.14,13.2
7.9,6.46
9.01,6.01
22.38,14.92
17.44,9.4
18.01,14.73
42.85,28.57
12.59,8.39
21.64,14.42
60.19,40.13
18.5,12.34
9.75,7.97
82.36,54.9
86.35,70.65
98.15,65.43
111.34,91.1
77.73,63.59
8.68,7.1
10.13,8.29
18.17,12.11
20.12,10.84
24.44,13.16
24.67,20.19
31.27,20.85
43.56,29.04
42.37,28.25
4.72,3.86
31.59,25.85
13.09,8.73
24.38,19.94
21.84,17.87
66.37,44.25
2.92,2.39
7.66,6.26
8.35,5.57
27.71,22.67
29.04,19.36
25.89,21.19
16.41,13.43
153.0,102.0
93.25,62.17
4.75,3.89
54.66,36.44
10.24,8.38
45.01,24.25
22.94,12.36
20.8,13.86
12.85,10.51
15.42,12.62
178.26,118.84
95.48,78.12
29.78,24.36
14.04,9.36
28.08,18.72
11.31,6.09
9.22,7.54
23.98,12.92
18.46,15.1
16.63,13.61
17.39,14.23
30.61,16.49
13.55,7.31
8.08,5.38
63.89,42.59
26.7,21.84
11.5,9.41
11.52,9.42
58.79,39.19
11.53,9.43
208.96,139.3
5.95,4.87
60.12,40.08
13.43,8.95
14.68,9.78
15.32,12.54
17.19,14.07
151.45,123.91
44.13,36.11
22.45,14.97
19.86,16.25
167.28,111.52
12.38,10.13
4.13,3.38
8.25,6.75
23.49,12.65
4.88,4.0
43.48,28.98
39.11,32.0
10.54,8.62
11.57,6.23
13.16,8.78
14.33,11.73
7.82,5.22
14.03,9.35
50.34,33.56
30.55,20.37
37.18,24.78
19.42,12.94
37.2,24.8
22.85,12.31
8.69,5.79
62.5,41.66
6.07,4.97
2.9,2.62
56.3,37.54
6.83,5.59
6.46,5.28
34.0,22.66
18.62,15.24
10.34,5.58
31.6,17.02
37.58,25.06
10.86,7.24
11.11,9.09
13.43,10.99
14.2,11.62
17.67,14.45
24.31,16.21
43.84,35.87
5.78,4.73
7.7,6.3
48.14,39.38
43.7,23.54
151.39,100.93
16.4,8.84
91.83,75.13
22.34,12.04
24.42,16.28
8.11,6.63
24.85,16.57
10.12,6.74
30.94,25.32
12.39,10.13
46.22,24.9
102.67,84.01
8.14,6.66
7.37,6.03
19.02,15.56
22.06,14.7
16.72,13.68
13.22,10.82
154.24,102.82
13.24,10.84
5.52,2.98
8.08,5.38
22.22,18.18
22.97,15.31
23.01,18.83
6.63,5.43
11.32,9.26
44.74,29.82
89.99,59.99
4.3,3.52
14.49,11.85
9.79,8.01
16.24,10.82
17.6,9.48
85.92,70.3
13.74,11.24
8.25,6.75
333.06,222.04
36.96,30.24
174.41,116.27
20.48,11.04
20.5,16.78
6.03,5.45
31.86,21.24
36.6,24.4
24.14,16.1
94.48,62.98
20.28,13.52
16.4,10.94
16.0,10.66
30.47,16.41
10.34,8.46
6.77,5.54
40.82,27.22
76.07,50.71
37.02,24.68
37.49,24.99
80.75,53.83
6.4,5.24
22.72,15.14
14.86,9.9
5.69,3.79
18.47,15.11
61.79,41.19
25.63,13.81
32.95,26.96
42.25,34.57
42.39,22.83
20.17,16.51
13.84,7.46
83.92,55.94
13.69,9.13
75.79,62.01
41.73,22.47
22.36,18.3
31.23,16.83
24.0,19.64
3.66,3.0
33.0,27.0
21.36,14.24
19.59,16.03
38.37,31.39
45.43,30.29
28.96,19.3
34.73,28.41
53.14,28.62
5.35,3.57
40.49,33.13
18.36,9.9
15.97,8.61
4.92,4.02
8.95,5.97
2.35,2.13
9.42,6.28
31.46,20.98
11.13,9.11
20.96,11.3
16.93,13.85
61.57,50.37
33.7,18.16
13.23,10.83
8.27,6.77
18.09,9.75
3.31,2.71
8.14,5.42
29.47,24.11
19.93,13.29
28.25,23.11
15.41,10.27
66.64,44.42
24.53,20.07
26.8,17.86
24.59,20.12
15.44,12.64
40.99,27.33
22.32,14.88
59.75,48.89
20.52,16.79
56.27,46.04
7.33,4.89
38.51,25.67
39.23,21.13
7.57,6.19
9.18,6.12
65.47,43.65
42.42,28.28
31.45,20.97
7.4,4.94
10.19,6.79
12.05,8.03
21.79,14.53
19.48,12.98
34.87,28.53
18.72,15.32
19.58,16.02
15.6,8.4
11.92,9.76
20.0,13.34
22.23,18.19
20.1,16.44
20.96,17.15
44.83,29.89
55.64,37.1
3.86,3.16
15.02,12.29
12.44,10.18
15.46,12.65
15.03,12.29
20.22,16.54
12.05,9.86
16.43,10.95
6.03,4.93
25.85,21.15
7.77,6.35
36.74,24.5
15.11,12.37
12.25,8.17
20.27,13.51
3.03,2.48
3.89,3.19
42.02,28.02
22.1,18.08
10.42,8.52
18.67,15.27
24.75,20.25
9.56,7.82
68.76,45.84
64.99,43.33
26.58,17.72
22.34,14.9
19.98,13.32
20.63,11.11
43.24,35.38
6.12,5.0
21.17,11.41
8.32,6.8
9.2,8.32
15.33,12.55
18.4,15.06
19.73,16.15
16.3,10.86
22.43,18.35
27.89,18.59
6.25,4.17
30.78,20.52
3.97,3.25
140.88,93.92
43.96,23.68
9.31,7.61
9.32,7.62
111.16,59.86
13.38,10.94
54.5,36.34
52.08,34.72
28.74,19.16
13.4,10.96
36.16,24.1
86.51,57.67
60.65,49.63
33.74,27.6
33.79,27.65
41.82,27.88
27.54,22.54
7.69,6.29
15.5,8.36
32.64,17.58
17.22,14.09
24.01,19.65
10.71,5.77
32.68,26.74
17.34,11.56
8.42,5.62
21.8,14.54
30.47,24.93
46.78,25.2
41.72,27.82
17.23,9.29
19.17,15.69
5.03,4.11
106.2,70.8
9.6,7.86
30.44,20.3
14.0,9.34
202.66,135.1
9.19,7.52
18.37,15.03
17.96,14.7
7.83,6.41
11.06,7.38
11.57,7.71
19.63,10.57
24.94,20.4
3.23,2.65
7.87,6.44
30.3,20.2
13.89,11.37
10.94,5.9
39.41,21.23
48.17,25.95
38.95,25.97
19.74,10.64
57.32,38.22
21.46,11.56
26.96,17.98
19.29,10.39
47.66,39.0
7.02,5.74
14.04,11.48
17.38,11.58
53.16,35.44
17.81,14.57
48.84,39.96
33.83,22.55
19.49,12.99
11.77,9.63
11.31,9.25
41.98,34.34
19.06,12.7
5.16,3.44
16.77,9.03
19.88,16.26
17.34,9.34
29.46,19.64
20.69,13.79
4.74,3.88
16.25,8.75
14.51,9.67
36.5,19.66
4.75,3.89
10.46,8.56
35.8,23.86
19.74,13.16
23.35,19.11
2.87,2.35
14.36,11.75
45.49,37.22
5.27,4.31
17.26,14.12
26.16,17.44
52.87,35.25
5.76,4.72
31.7,25.94
16.25,10.83
15.38,12.58
24.12,16.08
3.37,2.75
23.56,19.28
8.66,7.08
21.16,17.32
103.26,68.84
29.02,23.74
20.58,13.72
18.39,15.05
5.81,3.87
29.74,16.02
43.9,29.26
25.7,21.02
12.61,10.31
33.88,22.58
39.71,26.47
4.18,3.78
15.08,12.34
29.2,19.46
20.75,13.83
13.84,9.22
36.2,24.14
64.99,43.33
9.79,8.01
9.79,8.01
13.23,10.83
13.38,8.92
16.6,11.06
20.88,13.92
20.61,16.87
19.81,13.21
15.22,12.46
9.88,5.32
18.21,14.9
30.12,20.08
28.51,19.01
41.98,27.98
94.35,77.19
18.29,14.97
76.07,50.71
18.89,12.59
6.45,5.27
26.52,17.68
22.34,18.28
9.93,8.13
9.94,8.14
17.04,9.18
57.52,38.34
20.6,11.1
65.96,35.52
31.91,26.11
48.37,39.57
2.99,2.45
4.36,2.9
6.54,4.36
40.15,21.63
76.32,50.88
7.0,5.72
41.03,33.57
13.01,10.65
72.08,48.06
18.58,12.38
33.15,17.85
26.55,21.73
8.75,5.83
41.15,33.67
18.65,12.43
147.68,98.46
29.7,19.8
53.38,35.58
49.01,32.67
24.74,20.24
12.64,10.34
20.91,11.27
8.6,7.04
34.41,28.15
6.58,5.38
43.02,35.2
101.14,67.42
17.96,9.68
47.04,31.36
7.75,5.17
8.64,7.07
27.16,18.1
7.76,5.18
33.07,27.05
50.88,41.63
13.24,10.84
18.0,16.28
6.67,4.45
44.52,29.68
22.85,15.23
23.55,12.69
26.59,21.75
66.96,44.64
4.46,2.98
23.58,12.7
6.66,5.45
8.39,5.59
12.11,6.53
27.87,15.01
7.87,4.25
128.72,85.82
2.94,2.66
24.28,13.08
25.8,17.2
32.91,26.93
15.95,13.05
19.04,15.58
11.55,6.23
24.14,16.1
22.46,14.98
244.42,162.94
9.28,7.6
13.95,11.41
19.74,13.16
45.12,30.08
7.34,4.9
12.95,10.59
49.24,40.28
6.79,4.53
14.54,11.9
23.91,19.57
3.48,3.14
21.56,14.38
6.77,5.54
21.86,17.88
22.91,18.75
99.59,66.39
28.19,23.07
13.06,10.68
24.5,16.34
17.91,9.65
28.24,23.1
12.55,10.27
258.56,211.55
23.41,15.61
94.77,77.54
38.96,25.98
53.35,35.57
6.31,5.17
35.59,23.73
173.38,115.58
3.69,3.02
39.65,26.43
4.74,3.88
49.43,32.95
12.66,8.44
118.73,97.15
26.4,21.6
126.72,103.68
13.26,8.84
29.99,16.15
128.55,105.17
49.06,32.7
90.09,73.71
5.83,4.77
9.57,7.83
19.15,15.67
11.72,9.59
21.5,14.34
18.88,10.18
15.11,8.15
15.99,13.09
39.58,26.38
43.68,29.12
19.22,12.82
17.62,14.42
7.49,6.13
25.69,17.13
16.38,10.92
4.83,3.95
7.51,6.15
322.2,214.8
7.52,6.16
4.84,3.96
34.68,23.12
46.46,30.98
15.3,10.2
12.95,10.59
18.35,15.01
16.73,13.69
55.64,45.52
32.97,26.97
17.1,11.4
3.78,3.1
8.88,5.92
23.88,19.54
20.64,16.88
35.02,23.34
14.72,12.04
7.63,6.25
4.76,3.18
40.66,21.9
41.11,27.41
22.07,14.71
25.06,16.7
65.71,43.81
16.14,10.76
14.81,12.11
1.65,1.35
2.75,2.25
25.24,16.82
8.27,6.77
30.66,16.52
21.7,14.46
25.48,13.72
54.3,36.2
15.04,8.1
27.17,18.11
7.77,6.35
10.49,5.65
4.99,4.09
16.65,13.63
27.24,22.28
8.34,6.82
26.18,21.42
18.86,12.58
15.62,12.78
10.05,8.23
10.07,8.24
25.63,17.09
39.79,26.53
10.68,8.74
11.25,9.21
6.75,5.53
10.44,6.96
11.83,9.68
60.83,49.77
39.95,26.63
24.79,20.29
4.51,3.69
19.7,13.14
19.2,15.71
21.39,11.53
5.09,4.17
62.36,41.58
11.89,9.73
5.67,4.64
15.46,10.3
26.6,17.74
53.21,35.47
21.45,11.55
3.97,3.25
34.08,22.72
10.23,8.37
10.23,8.37
47.16,31.44
3.98,3.26
43.81,35.85
10.57,7.05
19.3,12.86
22.86,18.7
9.98,6.66
8.12,5.42
32.53,17.53
56.4,37.6
31.97,21.31
4.03,3.29
26.99,17.99
12.09,9.89
238.8,159.2
58.46,38.98
14.42,11.8
25.9,13.96
25.92,13.96
54.57,29.39
10.41,8.51
30.95,20.63
5.8,4.74
23.41,15.61
513.93,420.49
8.7,7.12
22.16,14.78
57.64,38.42
43.95,23.67
8.72,7.14
5.24,4.28
21.53,17.61
26.08,17.38
15.17,12.41
15.91,10.61
25.67,21.01
28.01,18.67
11.67,9.55
28.06,18.7
44.05,29.37
7.03,4.69
19.84,13.22
52.49,34.99
22.3,18.24
22.89,18.73
2.94,2.4
2.8,2.54
12.93,10.58
14.11,11.55
22.94,18.77
12.35,10.11
8.83,7.23
9.64,6.42
116.4,77.6
2.95,2.41
10.3,6.86
16.04,8.64
14.17,9.45
15.36,12.56
35.52,23.68
51.02,34.02
194.21,158.9
17.19,14.07
27.36,22.38
27.39,22.41
8.93,7.31
22.74,15.16
11.33,9.27
8.95,7.33
13.74,11.24
35.23,23.49
13.7,9.14
10.77,8.81
7.79,6.37
16.78,13.73
10.19,8.33
13.2,10.8
4.2,3.44
27.05,22.13
33.11,27.09
32.05,17.27
12.67,10.37
71.11,47.41
15.7,12.84
30.81,25.21
127.26,84.84
41.64,27.76
14.56,9.7
111.28,74.18
51.01,34.01
10.61,7.07
40.9,33.46
12.21,9.99
209.82,139.88
45.36,30.24
25.69,21.02
8.57,7.01
9.36,6.24
47.52,31.68
24.54,20.08
31.18,16.8
16.74,11.16
28.3,15.24
19.44,12.96
61.47,50.29
112.7,75.14
9.85,8.06
4.31,3.53
4.93,4.03
15.41,12.61
7.4,6.06
14.15,9.43
13.61,11.13
40.87,33.44
91.06,74.5
25.72,17.14
79.2,52.8
30.42,24.89
29.8,19.86
5.59,4.57
33.23,22.15
9.33,7.63
10.86,7.24
11.22,9.18
1.87,1.53
27.23,18.15
3.12,2.56
13.12,10.74
15.0,12.28
4.38,3.58
15.7,10.46
17.53,14.35
5.02,4.1
10.04,8.22
16.95,13.87
36.42,29.8
69.24,46.16
4.4,3.6
33.33,27.27
13.85,11.33
7.56,5.04
3.78,3.1
35.8,23.86
28.22,18.82
19.57,16.01
28.27,18.85
14.55,11.91
12.66,10.36
4.84,3.22
23.45,19.19
25.58,17.06
73.3,48.86
29.84,24.42
65.16,43.44
31.2,20.8
17.8,14.56
9.54,7.8
10.81,8.85
39.55,26.37
3.82,3.12
4.47,3.65
10.21,8.35
29.24,19.5
53.01,43.37
20.26,13.5
26.54,17.7
24.34,19.92
41.98,27.98
29.5,24.14
29.4,19.6
21.18,17.33
238.8,159.2
9.64,7.88
9.0,7.36
109.43,58.93
9.12,4.92
33.04,22.02
3.22,2.64
3.22,2.64
3.88,3.18
47.29,38.69
41.05,27.37
12.04,8.02
9.2,6.14
19.14,12.76
16.31,10.87
6.5,5.32
11.54,6.22
22.75,15.17
28.7,23.48
23.48,15.66
10.44,8.54
137.4,91.6
9.79,8.01
68.38,45.58
5.23,4.28
9.8,8.02
10.69,7.13
16.43,10.95
22.86,15.24
40.73,27.15
1.97,1.61
11.46,7.64
6.57,5.37
9.21,7.53
43.45,35.55
34.48,22.98
8.63,5.75
18.46,15.1
15.11,10.07
45.34,30.22
22.43,18.35
3.96,3.24
44.49,23.97
33.88,22.58
8.6,7.04
13.9,11.38
60.95,49.87
13.26,10.85
4.64,3.8
10.62,8.69
5.97,4.89
22.57,18.47
34.76,23.18
6.64,5.44
48.56,32.38
58.73,39.15
7.99,6.53
17.3,14.16
4.66,3.82
6.67,5.45
19.34,15.82
37.12,24.74
28.39,18.93
12.68,10.38
17.48,11.66
4.68,3.83
6.56,4.38
25.41,20.79
25.43,20.81
19.72,13.14
13.48,7.26
97.4,64.94
14.11,11.55
24.24,19.84
12.5,8.34
2.21,1.47
14.74,9.82
19.6,16.04
20.28,16.6
11.81,7.87
15.57,12.74
16.26,13.3
26.62,17.74
59.18,39.46
198.38,132.26
10.39,6.93
50.5,33.66
8.86,7.25
10.9,8.92
12.97,10.61
17.15,11.43
14.37,11.75
45.84,37.5
6.84,5.6
12.32,10.08
12.32,10.08
15.07,12.33
95.66,63.78
26.06,21.32
10.3,8.42
4.81,3.93
13.06,10.68
24.75,20.25
46.81,38.3
30.31,24.8
8.95,7.33
37.57,25.05
7.58,6.2
19.55,13.03
31.77,25.99
13.82,11.3
7.6,6.22
91.33,74.73
79.26,52.84
34.0,22.66
9.7,7.94
43.1,28.74
43.12,28.74
9.08,6.06
7.63,6.25
84.89,56.59
3.48,2.84
23.04,12.42
29.65,19.77
5.58,4.56
15.35,12.56
43.26,35.4
31.22,20.82
34.27,22.85
6.29,5.15
17.54,11.7
22.92,15.28
9.83,8.05
40.62,27.08
2.82,2.3
19.01,15.55
21.82,17.86
63.78,42.52
7.77,6.35
5.67,4.64
15.61,12.77
13.49,11.03
15.49,10.33
22.49,14.99
14.22,11.64
20.17,13.45
6.4,5.24
27.17,18.11
11.65,7.77
9.26,7.58
144.67,118.37
3.56,2.92
17.14,14.02
40.52,27.02
2.15,1.76
49.86,26.86
14.31,11.71
14.31,11.71
34.37,22.91
34.38,22.92
13.28,8.86
16.42,10.94
4.3,3.52
15.06,12.32
17.22,14.09
7.9,6.46
11.5,9.41
7.06,4.7
136.44,90.96
16.49,10.99
15.13,12.38
2.88,2.36
13.37,8.91
13.72,11.22
38.31,31.35
6.51,5.33
89.08,72.88
28.26,23.12
19.58,16.02
26.12,17.42
136.21,90.81
10.3,6.86
3.63,2.97
15.97,13.07
21.4,14.26
11.12,7.42
21.46,14.3
34.24,28.02
50.92,33.94
21.2,17.34
14.69,7.91
699.84,466.56
23.94,15.96
10.98,8.98
10.98,8.98
14.65,11.99
3.66,3.0
37.67,25.11
25.66,17.1
24.26,19.85
36.04,29.48
53.76,35.84
5.89,4.82
26.97,14.53
15.49,12.67
10.33,8.45
8.86,7.25
32.51,26.6
16.13,10.75
2.82,2.56
15.35,10.23
8.15,6.67
3.71,3.03
10.54,7.02
5.95,4.87
17.86,11.9
13.0,8.66
25.37,20.75
73.26,48.84
24.7,13.3
8.23,6.73
5.98,4.9
2.99,2.45
55.55,37.03
7.49,6.13
13.52,11.06
46.7,31.14
21.04,17.22
68.4,55.96
4.92,3.28
6.77,5.54
18.82,15.4
13.55,11.09
4.93,3.29
11.52,7.68
18.11,12.07
3.77,3.09
32.94,21.96
6.8,5.56
47.6,38.94
37.14,24.76
61.09,40.73
9.85,8.06
6.06,4.96
33.1,22.06
3.8,3.11
27.35,22.37
38.75,31.71
9.12,7.46
24.34,19.92
40.34,33.0
30.72,20.48
45.67,30.45
44.14,23.78
38.76,20.88
34.98,23.32
49.63,26.73
7.66,6.26
11.5,9.41
16.86,13.8
29.27,19.51
3.84,3.14
8.45,6.91
18.44,12.3
7.69,6.29
22.31,18.25
47.0,31.34
5.88,5.32
16.2,13.26
63.32,51.8
7.72,6.32
30.36,20.24
6.76,4.5
13.95,11.41
36.36,24.24
21.14,14.1
51.7,34.46
10.88,8.9
52.89,43.27
23.76,15.84
6.23,5.09
33.12,22.08
46.73,31.15
29.76,19.84
45.92,30.62
14.04,11.48
3.91,3.2
8.59,7.03
49.44,32.96
60.55,40.37
10.18,8.33
21.37,14.25
14.54,9.7
34.24,22.82
27.48,22.48
25.76,17.18
3.94,3.22
2.37,1.94
53.33,35.55
3.16,2.58
8.69,7.11
33.61,22.41
34.01,27.83
3.17,2.59
9.36,5.04
9.5,7.78
53.59,35.73
13.49,11.03
5.56,4.55
43.3,28.86
14.3,11.7
46.99,25.31
34.23,28.01
19.91,16.29
13.54,11.08
44.64,36.52
248.17,165.45
8.79,7.19
10.4,8.51
5.6,4.58
7.21,5.9
31.44,20.96
19.24,15.74
76.25,62.39
16.06,13.14
52.2,42.71
11.24,9.2
22.78,12.28
52.64,35.1
213.32,142.22
12.88,10.54
14.94,9.96
7.03,4.69
5.64,4.62
40.37,33.03
8.89,7.27
12.12,9.92
30.71,25.13
20.21,16.53
45.85,30.57
6.47,5.29
19.42,15.89
17.0,13.91
234.06,156.04
12.16,9.95
18.6,12.4
14.4,7.76
44.34,29.56
10.57,8.65
9.79,8.01
7.35,6.01
23.68,19.38
4.91,4.01
4.91,4.01
40.14,26.76
15.17,10.11
6.55,5.36
9.01,7.37
52.74,35.16
45.93,37.58
30.42,20.28
55.49,36.99
7.39,6.05
5.76,4.72
42.88,35.08
32.42,21.62
13.22,10.82
4.96,4.06
51.43,34.29
12.42,10.16
11.59,9.49
15.74,12.88
26.24,17.5
21.57,17.65
11.62,9.5
49.01,40.1
25.43,16.95
32.47,26.57
40.0,26.66
4.17,3.41
30.06,20.04
19.14,12.76
19.22,15.72
117.85,96.43
46.54,31.02
39.35,32.19
23.75,15.83
5.03,4.11
37.51,25.01
5.87,4.81
5.89,4.82
17.66,14.45
9.25,7.57
37.62,25.08
36.85,19.85
32.2,21.46
59.95,49.05
9.3,7.61
55.06,45.05
23.1,15.4
48.32,39.54
24.05,16.03
22.2,14.8
30.54,20.36
15.28,12.5
26.86,17.9
90.02,73.66
10.21,8.35
6.81,5.57
5.96,4.88
5.96,4.88
53.69,43.93
16.74,11.16
40.02,26.68
34.48,22.98
53.97,44.15
14.58,11.93
4.29,3.51
8.58,7.02
28.1,18.74
14.08,9.38
18.77,12.51
84.47,56.31
8.46,5.64
23.51,15.67
4.31,3.53
12.94,10.58
13.82,11.3
1789.2,1192.8
23.57,15.71
10.37,8.49
5.19,4.25
25.58,13.78
4.33,3.55
45.11,24.29
25.6,17.06
5.13,2.77
24.64,13.28
2.61,2.13
15.66,12.82
113.11,75.41
22.82,15.22
51.46,42.1
6.99,5.72
14.86,12.16
24.51,20.05
67.85,45.23
2.63,2.15
19.28,15.78
21.04,17.22
10.54,8.62
11.5,7.66
42.16,34.5
7.03,5.75
17.58,14.38
14.39,9.59
27.3,22.34
15.38,10.26
37.91,31.01
14.12,11.56
6.18,5.06
42.42,28.28
4.42,3.62
19.86,10.7
6.19,5.07
53.35,28.73
3.54,2.9
18.38,12.26
10.65,8.71
22.28,14.86
23.26,15.5
14.56,9.7
23.13,18.93
34.99,23.33
6.82,4.54
28.69,23.47
25.44,16.96
7.19,5.89
12.6,10.31
5.4,4.42
24.34,19.92
4.51,3.69
11.81,7.87
8.12,6.64
19.7,13.14
18.99,15.53
32.56,21.7
15.38,12.58
16.78,11.18
15.38,12.58
29.06,23.78
9.09,7.43
18.19,14.89
40.72,27.14
32.77,21.85
6.38,5.22
7.3,5.98
19.21,15.71
62.94,41.96
7.34,6.0
51.04,34.02
5.51,4.51
11.03,9.03
9.2,7.52
7.36,6.02
5.52,4.52
5.52,4.52
8.28,6.78
24.16,16.1
21.17,14.11
10.16,8.32
14.12,9.42
25.19,13.57
14.16,9.44
10.21,8.35
19.24,12.82
15.79,12.92
45.59,30.39
7.44,6.08
5.58,4.56
9.31,7.61
34.46,28.2
20.93,11.27
17.72,14.5
4.66,3.82
37.75,25.17
234.84,156.56
20.42,13.62
6.13,4.09
2.82,2.3
69.65,46.43
7.51,6.15
21.63,17.69
19.5,13.0
12.34,8.22
14.41,9.61
86.47,57.65
16.48,10.98
13.22,10.82
30.91,20.61
7.56,6.18
55.74,37.16
19.62,13.08
20.66,13.78
26.52,21.7
14.56,7.84
37.22,24.82
28.44,23.27
30.36,24.84
62.67,51.27
6.66,5.45
8.56,7.0
19.04,15.58
8.57,7.01
37.19,30.43
21.85,19.77
3.82,3.12
3.82,3.12
8.59,7.03
17.19,14.07
12.47,10.21
15.36,12.56
5.78,4.73
11.56,9.46
24.09,19.71
21.05,14.03
63.86,34.4
12.58,10.3
19.36,15.84
41.68,34.1
25.38,16.92
6.35,4.23
20.37,16.67
14.55,11.91
4.85,3.97
43.61,23.49
28.61,19.07
81.59,54.39
2.92,2.39
53.04,35.36
44.57,29.71
5.84,4.78
8.77,7.17
6.82,5.58
30.22,24.72
3.19,2.13
115.02,76.68
19.53,15.98
20.24,13.5
15.98,10.66
6.84,5.6
22.48,18.4
95.15,63.43
54.59,36.39
13.74,11.24
21.6,17.68
82.69,55.13
11.81,9.67
18.73,15.33
22.75,18.61
39.97,26.65
9.73,6.49
6.95,5.69
46.72,38.22
10.93,8.95
4.97,4.07
20.92,17.12
5.98,4.9
27.98,22.9
63.31,42.21
8.01,6.55
22.94,15.3
8.03,6.57
37.24,24.82
53.23,43.55
211.52,141.02
10.98,7.32
28.56,19.04
60.52,40.34
15.14,12.38
33.06,22.04
24.26,19.85
14.17,11.59
15.56,8.38
22.14,14.76
35.45,23.63
26.41,21.61
8.13,6.65
8.13,6.65
5.08,4.16
10.16,8.32
4.07,3.33
14.26,11.66
11.11,7.41
13.24,10.84
46.72,31.14
34.67,28.37
42.32,28.22
24.54,20.08
10.23,8.37
12.28,10.04
107.22,71.48
14.34,11.74
39.02,31.92
17.48,14.3
7.22,5.9
7.22,5.9
97.94,80.14
11.34,9.28
40.26,21.68
69.85,46.57
6.2,5.08
15.52,12.7
14.69,9.79
12.43,10.17
6.22,5.09
5.66,3.78
17.69,14.47
20.44,13.62
6.82,4.54
15.66,12.82
5.23,4.28
5.7,3.8
47.94,31.96
33.11,22.07
22.84,15.22
17.81,14.57
20.58,13.72
17.83,14.59
18.31,12.21
5.25,4.29
7.35,6.01
22.06,18.05
4.21,3.45
42.26,34.58
12.69,10.39
11.54,7.7
16.95,13.87
8.48,6.94
8.48,6.94
30.77,25.17
26.63,17.75
141.3,94.2
15.95,13.05
39.35,32.19
4.26,3.48
28.77,23.54
8.53,6.98
10.67,8.73
8.54,6.98
45.48,30.32
32.66,21.78
46.01,37.65
12.85,10.51
20.35,16.65
21.04,14.02
18.26,14.94
9.67,7.91
4.3,3.52
7.54,6.17
16.44,10.96
15.28,10.18
2.16,1.76
36.95,19.91
47.08,31.38
50.74,41.52
15.16,12.4
13.0,10.64
6.51,5.33
13.02,10.66
24.99,20.45
8.71,7.13
39.27,32.13
48.04,39.3
7.15,4.77
12.92,6.96
10.93,8.95
7.66,6.26
7.66,6.26
17.5,14.32
12.05,9.86
23.02,18.84
13.17,10.77
7.69,6.29
6.0,4.0
12.01,8.01
6.61,5.41
19.25,12.83
4.41,3.61
6.02,4.02
6.63,5.43
12.17,9.95
25.47,20.84
69.77,57.09
8.46,5.64
36.35,24.23
3.33,2.73
27.9,18.6
8.9,7.28
42.31,34.61
8.91,7.29
30.29,16.31
3.34,2.74
8.92,7.3
22.31,18.25
8.94,7.32
13.42,10.98
15.68,12.83
14.58,11.93
15.79,12.92
5.64,4.62
14.78,9.86
7.91,6.47
3.4,2.78
7.42,4.94
6.8,5.56
15.9,13.01
7.95,6.51
58.01,47.47
99.36,66.24
62.34,41.56
11.44,9.36
131.22,87.48
21.8,17.84
68.86,56.34
12.63,10.33
5.74,4.7
2.3,1.88
27.62,22.6
41.44,27.62
6.92,5.66
9.25,7.57
16.21,13.27
55.63,37.09
22.06,18.05
15.1,12.36
21.58,14.38
5.83,4.77
16.34,13.37
7.01,5.73
32.7,26.76
5.84,4.78
16.36,13.38
31.92,21.28
86.88,57.92
8.95,5.97
4.7,3.84
46.98,38.44
16.47,13.47
50.6,41.4
14.21,9.47
23.32,15.54
4.75,3.89
79.07,52.71
17.84,14.6
4.76,3.9
46.5,38.04
78.12,52.08
8.38,6.86
2.4,1.96
29.98,24.53
56.24,37.5
17.99,14.72
45.85,30.57
40.89,33.45
7.23,5.91
40.82,27.22
21.74,17.78
36.25,29.66
166.31,110.87
32.89,17.71
4.86,3.98
31.93,21.29
9.32,6.22
35.42,28.98
55.99,37.33
6.12,5.0
26.93,22.03
6.13,5.01
9.81,8.03
12.28,10.04
7.38,6.04
46.98,31.32
7.4,6.06
4.94,4.04
24.26,16.18
7.43,6.08
30.94,25.32
4.96,4.06
52.82,35.22
2.49,2.03
7.46,6.1
12.23,8.15
8.72,7.14
14.96,12.24
106.04,86.76
2.5,2.04
13.74,11.24
5.02,4.1
10.96,7.3
7.54,6.17
10.05,8.23
12.57,10.29
547.25,447.75
15.1,12.36
80.59,65.93
3.78,3.1
43.27,23.31
6.31,5.17
20.22,16.54
19.31,12.87
35.41,28.97
2.53,2.07
19.36,12.9
5.07,4.15
15.23,10.15
30.46,24.92
8.89,7.27
66.11,54.09
41.99,34.35
8.91,7.29
34.72,23.14
27.79,18.53
6.37,5.21
16.57,13.55
3.83,3.13
8.94,7.32
25.6,20.94
19.24,15.74
64.15,52.49
29.51,24.15
3.85,3.15
12.84,10.5
9.82,6.54
5.15,4.21
9.84,6.56
38.67,31.64
43.82,35.86
53.04,43.4
8.47,5.65
19.45,15.91
12.74,8.5
76.84,62.87
13.04,10.67
46.97,31.31
6.53,5.35
49.69,40.65
10.49,8.59
5.26,4.3
2.63,2.15
12.94,8.62
22.42,18.34
40.94,33.5
5.29,4.33
13.01,8.67
2.65,2.17
5.3,4.34
25.34,20.74
24.74,16.5
205.77,168.35
58.49,38.99
46.9,31.26
6.73,5.51
85.2,56.8
8.09,6.62
8.82,5.88
2.7,2.21
60.29,40.19
4.05,3.31
16.19,13.25
13.53,11.07
32.54,26.62
5.42,4.44
93.2,62.14
4.07,3.33
14.93,12.21
9.52,7.79
2.73,2.23
34.13,27.93
2.74,2.24
12.33,10.09
11.02,9.02
17.93,14.67
5.52,4.52
4.16,3.4
8.33,6.81
5.56,4.55
34.88,23.26
6.95,5.69
6.95,5.69
5.57,4.55
4.18,3.42
33.46,27.38
2.79,2.29
15.38,12.58
7.0,5.72
25.25,20.66
21.08,17.24
5.62,4.6
11.24,9.2
40.81,33.39
11.28,9.23
30.79,20.53
24.01,19.65
8.49,6.95
20.12,13.42
61.96,41.3
37.2,24.8
7.12,5.82
54.12,44.28
7.13,5.83
24.26,19.85
8.57,7.01
5.72,4.68
39.04,26.02
17.22,11.48
28.19,18.79
7.18,5.88
4.31,3.53
21.97,14.65
14.4,11.78
11.53,9.43
4.32,3.54
10.15,8.31
5.81,4.75
11.65,9.53
17.48,14.3
18.94,15.5
5.83,4.77
47.7,31.8
20.75,13.83
14.63,11.97
14.63,11.97
10.25,8.39
6.41,4.27
181.2,120.8
87.04,58.02
4.44,3.64
4.46,3.65
4.86,3.24
2.97,2.43
2.97,2.43
11.89,9.73
7.44,6.08
189.21,154.81
14.63,9.75
8.94,7.32
20.94,17.14
5.98,4.9
2.99,2.45
31.43,25.71
22.48,18.4
12.0,9.82
14.74,9.82
14.77,9.85
8.21,5.47
67.38,44.92
49.31,32.87
4.52,3.7
36.21,29.63
6.04,4.94
6.04,4.94
27.2,22.26
7.56,6.18
30.24,24.74
9.08,7.43
36.3,24.2
179.89,119.93
36.34,24.22
25.1,13.52
4.55,3.73
3.04,2.48
7.59,6.21
13.68,11.2
30.42,24.89
13.71,11.21
3.05,2.49
10.0,6.66
25.04,16.7
36.76,24.5
9.2,7.52
7.67,6.27
6.71,4.47
13.44,8.96
20.03,16.39
18.5,15.14
95.94,63.96
6.19,5.07
62.52,41.68
84.6,56.4
7.76,6.35
10.87,8.89
9.32,7.62
9.32,7.62
6.22,5.09
3.11,2.55
44.18,29.46
9.35,7.65
17.15,14.03
14.04,11.48
9.36,7.66
49.37,32.91
20.33,16.63
42.72,28.48
3.14,2.57
7.84,6.42
9.42,7.7
9.44,7.72
29.89,24.45
29.9,24.46
14.17,11.59
14.19,11.61
15.49,10.33
18.98,15.53
9.49,7.77
194.26,129.5
7.96,6.52
41.71,27.81
34.8,23.2
8.7,5.8
7.99,6.53
43.61,29.07
8.0,6.54
8.01,6.55
8.04,6.58
43.47,35.57
8.06,6.6
6.46,5.28
6.47,5.29
26.46,17.64
9.71,7.95
19.48,12.98
5.32,3.54
11.37,9.31
14.63,11.97
14.64,11.98
85.2,56.8
7.1,4.74
3.26,2.66
37.31,24.87
41.0,33.54
5.39,3.59
4.94,4.04
21.66,14.44
58.68,31.6
28.99,19.33
4.99,4.09
29.98,24.53
23.34,19.1
8.34,6.82
16.68,13.64
18.22,12.14
16.44,10.96
16.48,10.98
32.98,21.98
7.33,4.89
40.35,33.01
10.09,8.25
5.05,4.13
8.46,6.92
10.15,8.31
10.23,8.37
11.97,9.79
30.78,25.18
6.84,5.6
20.55,16.81
13.71,11.21
6.86,5.62
24.37,16.25
13.75,11.25
95.63,63.75
6.89,5.63
6.89,5.63
10.36,8.48
58.45,38.97
16.98,11.32
5.66,3.78
13.86,11.34
8.67,7.09
62.66,41.78
22.64,18.52
24.74,16.5
11.42,7.62
33.11,17.83
99.8,66.54
14.11,11.55
3.53,2.89
19.48,15.94
15.95,13.05
9.67,6.45
3.55,2.91
5.34,4.37
3.58,2.93
10.75,8.79
1.79,1.47
8.98,7.34
16.17,13.23
5.15,4.66
3.92,2.62
7.19,5.89
19.8,16.2
12.61,10.31
18.02,14.74
25.25,20.66
7.22,5.9
9.08,7.43
5.45,4.46
14.53,11.89
5.46,4.46
5.46,4.46
21.88,17.9
14.61,11.95
5.49,4.49
9.15,7.49
7.34,6.0
18.37,15.03
5.51,4.51
14.04,9.36
22.23,18.19
30.36,20.24
30.38,20.26
7.44,6.08
16.75,13.71
9.33,7.63
14.93,12.21
5.6,4.58
1.87,1.53
51.25,34.17
3.76,3.08
7.52,6.16
22.59,18.49
43.21,28.81
15.09,12.35
88.82,59.22
13.3,10.88
17.12,14.0
1.9,1.56
5.71,4.67
30.48,24.94
9.54,7.8
37.48,24.98
5.73,4.69
28.66,23.45
32.56,26.64
17.27,14.13
18.85,12.57
10.51,7.01
5.79,4.73
9.65,7.89
7.73,6.33
27.1,22.18
7.76,6.35
31.84,21.22
31.85,21.23
1.95,1.59
3.89,3.19
117.4,63.22
44.65,29.77
33.23,27.19
23.6,19.31
5.91,4.83
5.92,4.84
17.77,14.54
21.75,17.79
56.09,37.39
45.36,30.24
87.19,71.33
26.03,17.35
9.97,8.15
19.94,16.32
3.99,3.27
15.28,10.18
32.74,21.82
14.04,11.48
6.02,4.92
4.38,2.92
10.07,8.24
54.92,36.62
41.8,27.86
4.04,3.3
23.89,12.87
8.1,6.62
8.11,6.63
14.19,11.61
18.26,14.94
8.86,5.9
17.75,11.83
17.75,11.83
14.3,11.7
17.83,11.89
60.22,40.14
10.23,8.37
16.39,13.41
6.15,5.03
4.1,3.36
16.45,13.46
34.06,18.34
29.25,15.75
10.33,8.45
26.9,22.01
8.28,6.78
22.8,18.66
14.52,11.88
22.85,18.69
4.16,3.4
2.08,1.7
6.25,5.11
14.59,11.93
20.85,17.06
10.43,8.53
12.53,10.25
8.36,6.84
4.19,3.43
18.87,15.44
18.89,15.45
4.2,3.44
25.22,20.64
57.47,38.31
16.09,10.73
14.8,12.11
14.81,12.11
6.35,5.19
10.58,8.66
4.24,3.47
4.24,3.47
31.78,26.0
14.87,12.17
9.28,6.18
2.13,1.75
2.13,1.75
10.69,8.75
4.28,3.5
21.44,17.54
4.29,3.51
95.98,63.98
10.77,8.81
117.53,78.35
98.88,65.92
8.65,7.07
21.64,17.7
13.0,10.64
10.86,8.88
4.36,3.56
13.07,10.69
6.55,5.36
28.62,19.08
12.93,6.97
4.39,3.59
114.37,93.57
24.05,16.03
4.42,3.62
6.64,5.44
48.32,32.22
15.51,12.69
60.6,40.4
19.11,17.29
6.68,5.46
6.68,5.46
53.46,35.64
24.36,16.24
118.86,97.25
4.49,3.67
19.61,13.07
9.02,7.38
4.52,3.7
11.34,9.28
15.88,13.0
4.96,3.3
4.54,3.72
45.52,37.24
4.57,3.74
18.27,14.95
9.14,7.48
124.68,83.12
17.47,11.65
11.44,9.36
22.94,18.77
2.3,1.88
11.55,9.45
9.25,7.57
106.71,87.31
9.31,7.61
16.3,13.34
18.63,15.25
9.33,7.63
7.0,5.72
18.67,15.27
40.74,27.16
42.1,34.44
4.69,3.83
18.76,15.35
16.45,13.46
9.41,7.7
30.64,25.07
23.6,19.31
87.54,58.36
14.17,11.59
42.54,34.8
11.89,9.73
30.94,25.32
41.62,27.74
44.44,29.62
12.0,9.82
9.64,7.88
16.86,13.8
9.66,7.9
31.41,25.7
7.27,5.95
4.85,3.97
19.43,15.89
7.29,5.97
9.74,7.97
12.19,9.97
49.05,40.13
4.91,4.01
17.25,14.11
4.96,4.06
14.89,12.19
7.46,6.1
22.43,18.35
19.99,16.35
5.01,4.1
12.58,10.3
7.56,6.18
5.04,4.12
22.7,18.58
27.62,18.42
12.68,10.38
7.62,6.24
68.64,56.16
8.35,5.57
19.52,13.02
30.71,20.47
84.01,56.01
10.29,8.42
10.32,8.44
22.57,15.05
18.13,14.83
5.18,4.24
7.78,6.36
18.17,14.87
7.8,6.38
23.41,19.15
13.04,10.67
10.45,8.55
13.08,10.7
57.63,47.15
2.63,2.15
20.09,13.39
21.09,17.25
77.65,51.77
2.64,2.16
29.11,23.81
83.76,55.84
37.74,25.16
10.66,8.72
20.38,13.58
67.04,44.7
26.84,21.96
11.74,7.82
26.91,22.01
21.58,17.66
8.1,6.62
59.38,48.58
5.4,4.42
2.71,2.21
5.43,4.45
48.98,40.08
5.45,4.46
294.59,241.03
30.02,24.56
5.47,4.47
35.86,23.9
32.87,21.91
21.92,17.94
32.9,26.92
16.54,13.54
5.52,4.52
156.96,104.64
5.54,4.54
11.13,9.11
7.97,7.21
15.18,10.12
5.58,4.56
13.97,11.43
19.61,16.05
19.67,16.09
8.46,6.92
24.66,16.44
8.48,6.94
19.81,16.21
5.69,4.65
62.9,51.46
17.17,14.05
9.37,6.25
22.92,18.76
13.8,12.48
14.54,11.9
28.61,19.07
66.76,44.5
20.41,16.7
49.71,40.67
12.82,8.54
5.89,4.82
2.82,2.56
20.89,17.09
26.09,17.39
8.99,7.35
9.05,7.41
6.04,4.94
6.04,4.94
6.05,4.95
29.71,19.81
57.59,31.01
45.71,37.4
27.42,22.44
18.3,14.98
12.22,10.0
27.52,22.52
55.14,45.12
33.76,27.62
3.07,2.51
21.63,17.69
10.12,6.74
6.18,5.06
6.2,5.08
9.31,7.61
52.97,43.34
18.7,15.3
6.24,5.1
9.37,7.67
30.72,20.48
21.95,17.96
18.9,15.46
41.09,33.62
27.77,18.51
34.74,23.16
6.37,5.21
25.58,20.93
3.2,2.62
3.2,2.62
41.92,27.94
6.45,5.27
6.45,5.27
3.22,2.64
6.45,5.27
6.5,5.32
26.09,21.35
6.52,5.34
6.57,5.37
6.58,5.38
9.88,8.08
9.88,8.08
3.3,2.7
23.21,18.99
43.48,28.98
3.32,2.72
6.64,5.44
6.64,5.44
9.99,8.17
10.02,8.2
35.62,19.18
10.08,8.24
10.1,8.26
37.22,30.46
6.78,5.54
3.39,2.77
3.4,2.78
3.41,2.79
34.17,27.95
13.72,11.22
97.49,64.99
6.88,5.63
3.47,2.84
10.41,8.51
11.35,7.57
6.65,6.01
6.97,5.71
10.48,8.58
7.0,5.72
3.5,2.86
10.51,8.6
10.53,8.61
45.94,30.62
149.41,99.61
3.52,2.88
28.16,23.04
21.24,17.38
28.35,23.19
6.79,6.15
19.57,13.05
15.66,10.44
21.55,17.63
3.6,2.94
3.6,2.94
82.43,54.95
19.7,13.14
15.8,10.54
3.63,2.97
18.16,14.86
7.93,5.29
7.32,5.99
7.33,5.99
7.36,6.02
7.37,6.03
3.69,3.02
8.06,5.38
29.67,24.27
26.05,21.31
7.45,6.09
48.7,39.84
18.76,15.35
11.28,9.23
1561.01,1277.19
3.8,3.11
3.8,3.11
58.04,38.7
11.45,9.37
29.36,19.58
27.01,22.1
11.59,9.49
11.11,10.05
3.88,3.18
23.31,19.07
15.55,12.73
11.67,9.55
3.89,3.19
7.83,6.41
27.49,22.49
110.13,90.11
7.88,6.44
27.59,22.57
7.89,6.45
7.92,6.48
15.88,13.0
3.97,3.25
7.98,6.53
19.94,16.32
32.04,26.22
4.05,3.31
16.23,13.28
4.08,3.34
7.83,7.09
20.52,16.79
44.83,29.89
8.25,6.75
20.64,16.88
58.61,31.57
8.28,6.78
8.33,6.81
22.74,15.16
37.76,30.9
16.87,13.81
35.16,18.94
125.51,83.67
4.27,3.49
8.58,7.02
25.8,21.11
8.64,7.07
4.32,3.54
13.07,10.69
21.82,17.86
48.1,39.36
21.9,17.92
4.41,3.61
66.66,54.54
4.46,3.65
8.99,7.35
13.54,11.08
83.77,55.85
98.77,65.85
49.39,32.93
4.57,3.74
4.59,3.75
22.95,18.77
4.6,3.76
4.61,3.77
9.22,7.54
9.27,7.59
15.18,10.12
9.32,7.62
9.36,7.66
20.69,13.79
10.39,6.93
41.6,27.74
4.8,3.92
4.82,3.94
4.84,3.96
10.56,7.04
10.57,7.05
80.15,53.43
19.67,16.09
16.1,10.74
14.77,12.09
9.86,8.06
10.81,7.21
4.97,4.07
124.8,83.2
27.26,18.18
15.02,12.29
176.56,117.7
30.45,24.91
10.19,8.33
35.68,29.2
15.35,12.56
10.24,8.38
46.51,38.05
10.46,8.56
10.46,8.56
28.54,19.02
5.24,4.28
5.28,4.32
10.57,8.65
10.62,8.69
5.84,3.9
5.38,4.4
16.2,13.26
5.16,4.66
21.79,17.83
5.46,4.46
5.5,4.5
16.51,13.51
5.53,4.53
44.29,36.23
33.31,27.25
139.04,113.76
30.44,20.3
6.12,4.08
5.63,4.61
11.3,9.24
12.35,8.23
5.7,4.66
22.84,18.68
11.42,9.34
18.78,12.52
44.82,29.88
19.21,12.81
19.21,12.81
5.9,4.82
23.99,19.63
6.02,4.92
6.06,4.96
12.16,9.95
18.24,14.92
24.34,19.92
19.92,13.28
6.16,5.04
6.16,5.04
18.48,15.12
18.58,15.2
12.4,10.14
18.76,15.35
6.86,4.58
37.76,30.9
41.24,27.5
12.61,10.31
12.68,10.38
19.21,15.71
19.22,15.72
6.41,5.25
6.48,5.3
6.48,5.3
6.5,5.32
14.2,9.46
6.64,5.44
29.1,19.4
6.69,5.47
6.8,5.56
20.6,16.86
6.95,5.69
7.02,5.74
49.15,40.21
7.08,5.8
14.19,11.61
7.12,5.82
77.72,51.82
7.14,5.84
79.2,52.8
55.48,36.98
63.74,42.5
48.24,32.16
7.39,6.05
8.08,5.38
7.44,6.08
7.45,6.09
29.9,24.46
16.34,10.9
15.03,12.29
15.36,12.56
38.4,31.42
84.0,56.0
15.46,12.65
25.43,16.95
84.78,56.52
7.79,6.37
43.09,28.73
25.94,17.3
7.94,6.5
34.93,23.29
64.41,52.7
8.09,6.62
8.1,6.62
24.33,19.91
8.12,6.64
8.86,5.9
8.18,6.7
8.27,6.77
75.31,61.61
8.44,6.9
16.94,13.86
8.58,7.02
8.58,7.02
38.09,25.39
19.36,12.9
44.53,36.43
8.95,7.33
36.22,29.64
46.37,37.94
51.5,34.34
19.12,15.64
62.71,41.81
32.74,21.82
70.16,57.4
102.28,83.68
40.94,33.5
122.94,100.58
20.6,16.86
20.75,16.97
10.44,8.54
20.93,17.13
10.53,8.61
11.6,7.74
42.87,35.07
93.6,62.4
375.59,250.39
10.78,8.82
10.8,8.84
72.17,48.11
11.23,9.19
11.28,9.23
11.32,9.26
24.8,16.54
11.47,9.39
37.78,25.18
11.77,9.63
12.21,9.99
25.4,20.78
25.49,20.85
25.88,21.18
13.42,10.98
27.85,22.79
14.07,11.51
14.15,11.57
28.46,23.28
31.24,20.82
28.8,23.56
44.42,36.34
15.1,12.36
30.49,24.95
30.62,25.06
17.27,11.51
16.53,13.53
33.64,27.52
17.07,13.97
34.42,28.16
18.82,12.54
75.49,50.33
52.89,43.27
61.01,40.67
41.57,27.71
19.14,15.66
62.64,41.76
20.78,17.0
22.82,15.22
21.11,17.27
21.45,17.55
24.24,16.16
22.33,18.27
24.54,16.36
23.88,19.54
27.08,18.06
28.71,23.49
31.4,20.94
32.21,21.47
29.6,24.22
35.04,23.36
412.68,275.12
46.2,24.88
42.86,35.06
82.66,55.1
115.07,76.71
18.95,12.63
4.99,4.09
5.15,4.21
7.9,6.46
7.21,5.9
10.56,8.64
6.05,4.95
21.93,17.95
6.62,5.42
6.91,5.65
1.21,0.81
12.41,10.15
4.5,3.68
14.36,11.75
6.08,4.98
5.82,4.76
12.13,9.93
7.8,6.38
10.64,7.1
21.38,17.5
10.29,8.42
35.38,28.94
5.95,5.39
5.61,4.59
12.47,10.21
7.52,5.02
27.66,18.44
11.5,9.41
4.62,3.78
11.15,7.43
44.3,36.24
2.02,1.66
6.27,5.13
4.28,3.88
31.62,21.08
4.39,3.59
5.54,4.54
0.97,0.65
16.06,13.14
18.92,12.62
11.67,9.55
8.53,6.98
3.5,3.16
33.12,22.08
6.14,5.02
3.33,2.73
3.92,3.54
4.57,3.74
12.65,10.35
9.28,7.6
16.18,13.24
6.02,4.92
3.62,2.96
3.23,2.65
7.05,5.77
23.18,18.96
2.09,1.71
18.33,14.99
38.45,31.46
2.57,2.11
17.33,14.18
5.19,4.25
5.03,4.11
6.96,5.7
94.93,77.67
16.1,13.18
3.11,2.55
11.13,9.11
9.96,8.15
7.57,6.19
20.88,17.08
13.6,11.12
9.75,7.97
4.49,3.67
17.28,14.14
11.26,7.5
7.82,7.08
7.19,5.89
16.38,13.4
12.97,10.61
37.22,24.82
14.63,11.97
6.01,4.91
1.91,1.57
33.42,27.34
9.52,7.79
8.64,7.07
12.46,10.2
7.72,6.32
9.34,7.64
22.6,15.06
6.34,5.18
9.66,7.9
7.65,6.26
21.86,14.58
9.93,8.13
12.67,10.37
15.08,12.34
4.87,3.99
24.85,20.33
2.8,1.86
8.26,6.76
2.54,2.08
19.32,12.88
3.32,2.72
4.87,3.99
4.63,3.79
10.11,8.27
101.09,67.39
9.21,7.53
15.95,13.05
3.93,3.21
16.97,13.89
4.47,4.05
13.72,9.14
4.29,3.51
4.08,3.34
59.7,39.8
31.25,25.57
7.18,5.88
14.83,12.13
40.35,33.01
2.55,2.09
10.44,8.54
23.72,19.4
4.39,3.59
5.59,4.57
10.86,8.88
14.55,11.91
7.99,5.33
15.96,14.44
6.19,5.07
6.58,5.38
14.2,9.46
15.44,12.64
6.6,5.4
60.98,49.9
50.08,33.38
43.77,35.81
134.41,89.61
76.93,62.95
36.3,29.7
39.37,26.25
37.15,24.77
31.94,26.14
26.88,22.0
26.85,21.97
27.96,18.64
54.01,36.01
134.53,89.69
24.4,19.96
24.54,16.36
63.31,42.21
17.84,14.6
38.42,25.62
95.21,63.47
16.94,13.86
92.34,61.56
17.72,11.82
105.88,70.58
32.02,26.2
29.44,24.08
14.58,11.93
14.53,11.89
14.38,11.76
13.32,10.9
12.65,10.35
12.58,10.3
13.55,9.03
65.58,43.72
11.9,9.74
23.62,19.32
23.4,19.14
11.51,9.41
74.76,49.84
11.1,9.08
22.03,18.03
83.78,55.86
23.88,15.92
10.86,8.88
64.79,53.01
21.19,17.33
10.46,8.56
158.86,105.9
10.37,8.49
10.32,8.44
30.77,25.17
44.02,29.34
9.94,8.14
9.93,8.13
93.05,50.11
9.57,7.83
83.22,55.48
31.2,20.8
9.47,7.75
9.43,7.71
10.2,6.8
91.07,60.71
9.15,7.49
9.14,7.48
49.06,32.7
17.99,14.72
47.65,31.77
37.91,25.27
25.89,21.19
8.58,7.02
16.84,13.78
54.91,36.61
72.78,48.52
16.5,13.5
231.0,154.0
8.01,6.55
17.29,11.53
7.89,6.45
15.53,12.71
7.73,6.33
7.73,6.33
92.62,61.74
7.71,6.31
15.31,12.53
99.5,66.34
57.24,38.16
22.29,18.23
14.85,12.15
7.38,6.04
50.96,41.7
7.27,5.95
7.22,5.9
7.21,5.9
7.16,5.86
7.12,5.82
13.94,11.4
6.95,5.69
6.9,5.64
61.8,50.56
20.57,16.83
6.81,5.57
47.56,38.92
175.51,143.6
6.73,5.51
109.98,73.32
20.14,16.48
6.67,5.45
50.83,33.89
26.35,21.56
30.99,16.69
39.12,32.0
69.14,37.24
127.44,84.96
12.85,10.51
25.59,20.93
104.58,69.72
25.04,20.48
6.23,5.09
175.82,117.22
12.4,10.14
80.45,65.83
30.43,24.89
6.08,4.98
84.83,69.41
5.97,4.89
51.72,34.48
17.73,14.51
6.35,4.23
11.33,9.27
48.19,32.13
5.51,4.51
21.95,17.96
5.46,4.46
295.86,197.24
61.51,33.13
39.62,26.42
5.14,4.2
11.1,7.4
5.02,4.1
10.03,8.21
48.62,32.42
4.9,4.01
9.77,7.99
9.71,7.95
52.38,34.92
9.59,7.85
82.76,55.18
71.06,47.38
4.64,3.8
25.2,16.8
4.61,3.77
15.06,10.04
27.43,22.45
9.05,7.41
13.52,11.06
29.42,19.62
62.85,51.43
17.12,15.49
17.91,14.65
17.7,14.48
57.84,38.56
17.57,14.37
13.17,10.77
23.8,15.86
17.41,14.25
17.27,14.13
55.13,29.69
4.24,3.47
32.29,21.53
25.25,20.66
41.16,27.44
25.15,20.57
16.72,13.68
4.17,3.41
8.28,6.78
3.95,3.57
12.28,10.04
71.33,47.55
8.15,6.67
36.6,29.94
4.03,3.29
16.09,13.17
35.05,23.37
30.61,20.41
35.9,29.38
43.59,35.67
43.15,28.77
54.93,44.95
7.84,6.42
38.34,25.56
30.97,25.34
33.78,22.52
66.79,44.53
19.03,15.57
18.91,15.47
60.5,49.5
28.81,19.21
22.35,18.29
96.96,64.64
7.38,6.04
35.09,23.39
14.25,11.66
42.42,28.28
21.11,17.27
91.02,60.68
90.8,60.54
13.68,11.2
29.8,19.86
3.41,2.79
16.98,13.9
6.77,5.54
49.46,40.46
42.55,34.81
6.51,5.33
92.72,83.89
3.23,2.65
77.55,63.45
28.79,23.55
28.7,23.48
12.73,10.41
12.71,10.4
34.62,23.08
28.49,23.31
13.75,9.17
99.16,66.1
52.84,43.24
6.76,4.5
15.46,12.65
46.17,37.77
130.38,86.92
6.68,4.46
18.33,14.99
13.32,8.88
6.08,4.98
3.04,2.48
3.3,2.2
5.73,5.19
23.98,19.62
39.24,26.16
8.91,7.29
14.85,12.15
3.24,2.16
12.95,8.63
9.65,6.43
11.67,9.55
8.75,7.16
98.57,65.71
11.64,9.52
11.64,9.52
130.01,86.67
2.86,2.34
5.71,4.67
8.5,6.96
70.84,47.22
61.18,40.78
30.8,25.2
25.06,20.5
61.22,50.09
30.59,25.03
5.56,4.55
105.36,86.2
88.42,72.34
111.38,74.26
19.26,15.76
29.89,19.93
108.99,89.17
13.62,11.14
2.59,2.35
10.82,8.86
73.04,59.76
100.25,66.83
32.23,26.37
2.64,2.16
31.61,25.87
2.63,2.15
18.34,15.0
15.68,12.83
10.44,8.54
25.43,16.95
48.84,39.96
25.7,21.02
20.54,16.8
7.67,6.27
52.72,35.14
45.43,37.17
17.48,14.3
17.41,14.25
2.48,2.03
12.36,10.12
12.35,10.11
8.08,5.38
17.22,14.09
34.86,23.24
9.81,8.03
17.14,14.02
29.37,24.03
31.61,25.87
12.13,9.93
36.91,24.61
42.12,28.08
16.84,13.78
35.96,29.42
7.17,5.87
7.15,5.85
4.76,3.9
28.36,18.9
37.81,30.93
40.15,32.85
15.43,10.29
51.3,34.2
56.31,46.07
53.74,35.82
9.37,7.67
16.39,13.41
33.16,22.1
53.23,35.49
42.85,28.57
25.04,20.48
43.1,35.26
76.31,50.87
6.77,5.54
65.38,53.5
78.62,52.42
15.66,12.82
13.41,10.97
6.64,5.44
4.42,3.62
6.62,5.42
57.74,38.5
21.98,17.98
30.75,25.16
6.26,5.66
47.58,31.72
2.18,1.78
17.42,14.26
4.15,3.75
8.68,7.1
10.85,8.87
38.73,31.69
61.02,40.68
23.62,19.32
8.06,7.3
10.54,8.62
16.83,13.77
8.4,6.88
12.57,10.29
27.07,22.15
10.4,8.51
8.32,6.8
12.47,10.21
6.79,4.53
196.19,130.79
22.66,18.54
8.22,6.72
30.31,24.8
42.42,34.7
10.1,8.26
72.54,48.36
137.19,112.25
64.9,43.26
3.76,3.4
30.02,20.02
7.85,6.43
11.74,9.6
38.23,25.49
13.55,11.09
7.7,6.3
3.85,3.15
13.41,10.97
33.07,22.05
3.78,3.1
126.49,103.49
84.14,56.1
1.88,1.54
1.8,1.62
1.8,1.62
11.29,9.23
61.36,40.9
22.42,18.34
22.39,18.32
22.33,18.27
33.45,27.37
14.77,12.09
1.84,1.5
8.76,7.92
19.94,16.32
43.51,35.6
25.34,20.74
9.02,7.38
3.6,2.94
1.71,1.55
5.38,4.4
14.32,11.72
5.35,4.37
46.64,31.1
12.45,10.19
8.81,7.21
7.04,5.76
7.03,5.75
132.0,88.0
7.01,5.73
66.06,54.05
33.02,27.02
6.63,5.99
8.64,7.07
15.51,12.69
13.76,11.26
41.25,33.75
39.1,26.06
11.39,10.31
11.9,9.74
6.8,5.56
22.09,18.07
22.08,14.72
21.69,17.75
14.95,12.23
26.55,21.73
27.16,18.1
47.05,31.37
16.45,13.46
4.92,4.02
69.73,46.49
1.54,1.4
72.23,48.15
4.84,3.96
35.45,29.01
3.08,2.78
4.82,3.94
21.01,14.01
31.44,20.96
3.2,2.62
76.81,51.21
32.99,21.99
7.92,6.48
30.06,24.6
40.77,33.35
4.7,3.84
3.12,2.56
73.13,48.75
13.97,11.43
26.84,17.9
4.6,3.76
10.67,8.73
307.71,165.69
95.7,78.3
18.22,14.9
138.05,112.95
19.7,16.12
18.12,14.82
141.83,116.05
4.52,3.7
4.31,3.9
63.05,51.59
18.01,14.73
40.24,32.92
7.45,6.09
11.91,9.75
8.93,7.31
46.1,37.72
30.74,20.5
7.41,6.07
5.66,5.12
28.11,23.0
235.92,157.28
105.8,70.54
168.07,112.05
5.83,4.77
36.55,24.37
32.01,26.19
68.16,45.44
4.16,3.76
24.45,20.01
48.8,39.92
497.02,331.34
10.01,8.19
90.48,60.32
431.5,287.66
54.26,36.18
14.18,11.6
14.12,11.56
22.59,18.49
19.77,16.17
15.41,12.61
4.2,3.44
5.58,4.56
47.05,31.37
9.74,7.97
4.17,3.41
16.62,13.6
13.85,11.33
5.53,4.53
6.78,5.54
10.8,8.84
9.45,7.73
45.47,30.31
44.36,36.3
52.29,42.79
34.78,28.46
17.39,14.23
54.74,44.78
46.56,31.04
23.27,15.51
15.99,13.09
44.01,23.71
13.29,10.87
198.14,132.1
30.34,24.82
2.63,2.15
14.43,11.81
5.25,4.29
130.2,86.8
30.14,24.66
47.12,31.42
15.66,12.82
19.88,17.98
43.97,29.31
62.15,50.85
3.88,3.18
36.22,29.64
141.54,94.36
5.1,4.18
36.88,30.18
127.46,84.98
59.46,39.64
11.37,9.31
15.13,12.38
60.44,40.3
7.55,6.17
21.36,17.48
65.32,43.54
31.11,25.45
5.42,3.62
93.49,62.33
67.63,55.33
36.13,24.09
17.11,14.0
24.43,19.99
78.36,52.24
30.38,24.86
32.53,26.61
7.23,5.91
15.77,10.51
7.23,5.91
35.46,23.64
38.02,25.34
2.29,2.07
23.93,19.58
20.33,16.63
9.56,7.82
17.81,14.57
3.54,2.9
112.9,75.26
25.8,21.11
10.55,8.63
4.69,3.83
10.49,8.59
24.43,19.99
154.66,103.1
18.57,15.19
42.97,28.65
25.34,20.74
8.04,6.58
38.84,25.9
8.02,6.56
68.32,55.9
20.48,16.76
4.54,3.72
347.77,231.85
75.61,61.87
93.37,62.25
79.94,65.4
50.35,33.57
13.5,9.0
20.22,16.54
15.68,12.83
58.86,48.16
2.2,1.8
17.56,14.36
16.4,13.42
9.82,8.04
11.99,9.81
3.27,2.67
7.12,4.74
22.51,15.01
99.43,66.29
61.55,41.03
70.97,47.31
22.76,18.62
49.66,33.1
12.98,10.62
18.84,12.56
70.56,47.04
34.43,28.17
38.69,31.65
9.66,7.9
48.13,25.93
13.89,11.37
13.87,11.35
14.87,12.17
16.94,13.86
6.03,5.45
31.08,28.12
9.44,7.72
6.28,5.14
9.41,7.7
18.1,12.06
9.32,7.62
13.42,10.98
11.35,9.29
184.56,123.04
12.38,10.13
10.12,6.74
9.24,7.56
31.28,20.86
29.99,19.99
113.28,75.52
14.25,11.66
305.03,249.57
5.08,4.16
44.15,29.43
8.09,6.62
19.03,15.57
121.2,80.8
6.94,5.68
10.87,8.89
2.82,2.56
37.44,24.96
68.59,56.12
53.88,44.08
84.23,56.15
11.73,9.59
48.83,39.95
8.77,7.17
21.16,14.1
89.68,59.78
110.6,73.74
37.84,25.22
14.69,13.29
12.5,10.22
11.44,9.36
91.22,60.82
20.89,17.09
23.73,19.41
33.09,27.07
27.38,22.4
87.47,58.31
18.81,15.39
70.33,57.55
3.75,3.07
30.01,24.55
34.65,28.35
7.49,6.13
153.96,102.64
17.67,14.45
4.63,3.79
29.59,24.21
7.06,6.38
22.17,18.14
18.44,15.08
7.37,6.03
54.26,36.18
7.36,6.02
3.51,3.17
1.75,1.59
19.14,15.66
17.31,14.17
4.54,3.72
15.4,12.6
6.26,5.12
3.41,3.09
4.47,3.65
29.46,24.1
4.25,3.85
6.24,5.1
4.24,3.84
72.46,48.3
35.58,23.72
28.6,25.88
12.32,10.08
7.92,6.48
215.53,143.69
21.95,17.96
114.76,76.5
77.0,63.0
38.14,25.42
37.09,24.73
25.57,17.05
39.72,26.48
11.57,10.47
7.79,6.37
36.18,29.6
18.7,12.46
166.79,111.19
44.62,29.74
27.73,18.49
18.63,15.25
47.04,31.36
55.2,36.8
91.08,60.72
35.87,23.91
26.97,22.07
34.39,28.13
30.65,16.51
14.21,11.63
74.56,40.16
7.47,6.11
42.31,34.61
57.17,46.77
41.53,27.69
110.89,90.73
18.04,14.76
20.46,16.74
35.64,23.76
9.78,8.0
13.83,11.31
15.44,12.64
37.12,24.74
160.44,106.96
28.13,23.01
7.01,4.67
97.83,80.05
11.98,9.8
20.71,16.95
123.23,100.83
20.67,16.91
3.97,3.25
87.49,58.33
46.7,38.21
83.06,67.96
5.25,4.75
55.58,45.48
15.62,12.78
20.25,16.57
5.94,3.96
5.43,4.45
83.55,68.36
136.05,111.31
5.9,5.34
15.46,12.65
168.1,112.06
24.53,20.07
16.82,13.76
87.75,71.79
40.61,27.07
29.7,19.8
7.94,7.18
36.96,24.64
76.86,51.24
72.77,48.51
6.0,4.91
52.33,42.81
12.65,10.35
178.9,119.26
13.34,10.92
6.47,4.31
83.09,55.39
11.06,9.05
66.56,44.38
31.56,25.82
32.93,26.95
15.35,12.56
38.93,25.95
23.72,15.82
62.21,41.47
87.29,71.42
35.3,28.88
5.49,4.97
47.42,38.8
15.06,12.32
6.44,5.27
23.52,19.24
52.58,43.02
9.44,8.54
28.14,23.02
80.47,65.84
78.1,63.9
14.58,11.93
6.93,5.67
57.4,46.96
3.01,2.01
13.81,11.3
38.2,34.56
212.57,141.71
19.94,16.32
32.93,26.95
7.55,6.17
5.46,4.46
28.91,19.27
20.37,16.67
4.44,2.96
3.39,2.77
32.52,26.6
10.82,8.86
58.99,39.33
69.96,46.64
116.35,77.57
6.07,4.97
12.77,10.45
70.95,58.05
9.58,8.66
64.1,42.74
15.35,12.56
7.32,5.99
23.22,19.0
63.38,51.86
47.42,31.62
27.63,22.61
9.87,8.07
37.22,24.82
58.69,39.13
15.08,12.34
82.89,67.82
32.72,21.82
26.73,21.87
134.05,89.37
22.43,18.35
2.56,2.1
73.39,48.93
477.86,318.58
62.59,41.73
8.89,7.27
18.34,15.0
162.52,108.34
20.17,16.51
2.4,2.18
13.2,10.8
32.0,26.18
19.44,15.9
53.88,44.08
14.99,12.27
13.74,11.24
29.12,23.82
25.63,17.09
66.5,44.34
42.22,28.14
58.93,48.21
4.68,4.24
6.74,5.52
9.19,7.52
12.8,10.48
9.14,7.48
37.16,30.4
32.78,26.82
33.02,22.02
29.59,24.21
7.84,6.42
18.66,15.26
16.17,13.23
28.69,23.47
60.13,49.19
21.4,17.51
94.41,77.25
10.98,7.32
27.72,22.68
13.51,11.05
318.79,212.53
8.2,6.71
31.89,26.09
70.78,47.18
6.95,4.63
156.36,104.24
21.91,17.93
18.96,15.52
40.1,26.74
129.06,86.04
26.26,17.5
14.32,11.72
137.46,91.64
34.21,27.99
8.48,6.94
20.51,18.55
22.57,18.47
57.11,38.07
15.19,12.43
47.83,31.89
33.69,27.57
30.58,25.02
16.64,13.62
12.71,8.47
73.01,48.67
90.5,60.34
18.21,14.9
3.69,3.33
20.93,17.13
71.01,58.1
21.91,17.93
69.88,57.18
70.78,47.18
13.08,10.7
21.76,17.8
255.48,209.03
138.65,92.43
51.05,41.77
93.39,76.41
142.18,94.78
12.34,11.16
443.08,295.38
48.65,32.43
19.84,16.24
14.48,11.84
22.43,18.35
761.77,507.85
10.19,9.22
95.93,78.49
112.41,91.97
59.19,48.43
78.11,52.07
11.54,9.44
75.9,62.1
42.17,28.11
4.48,4.06
29.6,19.74
15.59,12.75
8.91,8.07
24.81,20.3
7.88,5.26
26.4,17.6
80.22,53.48
17.82,14.58
11.19,9.15
223.21,148.81
34.24,22.82
7.08,5.8
39.31,21.17
3.99,3.27
2.85,2.57
21.06,14.04
71.7,47.8
15.29,12.51
88.9,59.26
40.08,26.72
72.13,48.09
4.2,3.8
7.32,5.99
46.81,38.3
59.39,39.59
30.95,25.33
38.15,20.55
14.45,11.83
14.92,12.2
77.62,51.74
47.16,31.44
20.63,16.88
8.14,6.66
340.22,226.82
8.67,7.85
8.57,7.01
55.52,37.02
8.09,6.62
45.13,36.93
85.47,69.93
21.81,17.85
64.1,42.74
31.97,26.15
209.76,139.84
797.1,531.4
15.38,12.58
9.3,7.61
25.54,20.9
6.96,5.7
204.04,136.02
11.51,10.41
76.31,50.87
9.1,6.06
12.62,8.42
65.52,43.68
8.31,6.8
10.55,9.55
39.9,32.64
13.75,11.25
6.41,5.25
84.04,68.76
51.15,41.85
55.99,45.81
47.64,31.76
80.03,65.48
43.11,35.27
39.6,26.4
14.8,9.86
95.94,63.96
66.99,54.81
20.52,16.79
7.23,6.55
51.46,34.3
57.39,46.95
8.43,6.89
36.81,30.11
22.92,15.28
35.42,28.98
413.4,222.6
25.15,20.57
18.59,15.21
29.71,19.81
13.4,10.96
16.81,13.75
20.92,17.12
61.9,50.64
10.98,9.94
6.8,5.56
43.54,29.02
4.22,3.46
34.03,27.85
2.8,2.54
35.72,29.22
38.06,31.14
171.94,114.62
14.01,11.47
2.06,1.68
183.28,149.96
7.75,7.01
36.59,29.93
61.32,40.88
31.69,25.93
30.48,24.94
8.03,7.27
11.17,9.14
12.91,8.61
245.0,163.34
58.9,39.26
289.25,192.83
49.54,40.54
58.76,48.08
105.01,70.01
25.11,20.55
4.63,3.79
65.03,43.35
2.19,1.99
3.05,2.49
44.17,36.14
8.76,7.16
9.89,8.09
71.4,58.42
35.87,29.35
34.67,28.37
34.4,22.94
41.21,33.71
157.0,104.66
29.36,24.02
41.59,34.03
10.93,7.29
27.49,14.81
25.36,16.9
440.4,293.6
224.59,149.73
4.55,4.11
33.3,27.24
56.73,46.41
43.24,28.82
9.42,7.7
70.19,46.79
11.38,10.3
28.94,19.3
6.78,5.54
7.49,6.77
38.0,25.34
4.01,3.63
18.17,14.87
22.68,18.56
6.99,6.33
85.08,56.72
16.68,11.12
27.8,22.74
21.91,14.61
18.98,15.53
77.5,51.66
65.1,53.26
85.78,70.18
34.06,27.86
43.01,35.19
98.9,65.94
202.86,135.24
353.76,235.84
51.89,42.45
10.42,6.94
61.46,40.98
118.56,79.04
76.56,62.64
42.02,34.38
97.9,65.26
19.46,12.98
59.62,48.78
60.13,49.19
146.78,97.86
10.23,8.37
23.22,19.0
10.19,8.33
92.51,75.69
87.42,58.28
42.44,34.72
77.68,63.56
9.28,8.4
13.0,10.64
167.94,111.96
35.12,28.74
70.08,46.72
11.87,9.71
89.61,73.31
82.56,55.04
82.29,67.33
7.89,6.45
151.92,101.28
15.25,12.47
75.38,50.26
2.17,1.97
110.58,73.72
96.1,64.06
88.87,72.71
43.01,28.67
152.96,101.98
97.67,65.11
12.33,10.09
2.35,2.13
9.86,8.06
13.13,10.75
127.87,85.25
47.93,31.95
46.32,37.9
217.13,144.75
27.04,22.12
50.42,41.26
286.86,191.24
58.74,48.06
86.58,57.72
21.22,14.14
21.59,14.39
25.8,21.11
96.71,64.47
7.26,5.94
158.4,105.6
23.76,21.5
27.06,22.14
301.84,201.22
11.73,9.59
26.03,23.55
15.78,10.52
9.79,8.85
51.85,34.57
3.49,2.85
25.72,21.04
241.2,160.8
4.24,3.47
6.37,5.77
1.27,1.15
57.31,38.21
4.84,4.38
7.15,6.47
128.1,115.9
9.86,8.92
23.51,19.23
16.45,13.46
26.91,22.01
180.5,120.34
2.56,2.1
19.54,15.98
251.05,167.37
13.42,10.98
24.79,16.53
11.39,7.59
64.67,43.11
105.6,70.4
38.15,25.43
902.4,601.6
22.35,18.29
17.38,14.22
207.35,138.23
46.05,24.81
76.56,51.04
7.08,5.8
19.61,16.05
9.85,8.06
300.94,200.62
57.18,38.12
41.72,27.82
42.4,28.26
247.14,164.76
42.59,28.39
55.04,36.7
43.34,28.9
10.73,8.78
239.82,196.22
18.13,14.83
23.12,15.42
